"psi","mu_b","true_zone","K","exV","sps","rmse_mc","rmse_mcmc","n"
-0.4,-0.4,"mixed",12,0,0.06,0.0453249421781459,0.0427555905998997,1000
-0.4,-0.4,"mixed",12,0,0.1,0.0722622505823244,0.0701411351023036,1000
-0.4,-0.4,"mixed",12,0.3,0.06,0.0712784168185869,0.0717869064047172,1000
-0.4,-0.4,"mixed",12,0.3,0.1,0.0828254802359881,0.0830917758327888,1000
-0.4,-0.4,"mixed",25,0,0.06,0.0420933090293104,0.0406167628942553,1000
-0.4,-0.4,"mixed",25,0,0.1,0.0702441709382901,0.0690041659123864,1000
-0.4,-0.4,"mixed",25,0.3,0.06,0.0671039938308788,0.0675899819837007,1000
-0.4,-0.4,"mixed",25,0.3,0.1,0.0798686890196537,0.0800509782710764,1000
-0.4,-0.2,"mixed",12,0,0.06,0.0460724445416402,0.0434408302890898,1000
-0.4,-0.2,"mixed",12,0,0.1,0.070594462619662,0.06910339431498,1000
-0.4,-0.2,"mixed",12,0.3,0.06,0.0885617554904101,0.088623090881235,1000
-0.4,-0.2,"mixed",12,0.3,0.1,0.093485153043745,0.092978644073378,1000
-0.4,-0.2,"mixed",25,0,0.06,0.0388778468625971,0.0376168294509369,1000
-0.4,-0.2,"mixed",25,0,0.1,0.0645223969796481,0.0637057421094829,1000
-0.4,-0.2,"mixed",25,0.3,0.06,0.0823705061554692,0.0825584708710824,1000
-0.4,-0.2,"mixed",25,0.3,0.1,0.0871440043857876,0.087160671994301,1000
-0.4,-0.1,"effect-dominated",12,0,0.06,0.0449443561373928,0.0406622144766775,1000
-0.4,-0.1,"effect-dominated",12,0,0.1,0.0695872982133195,0.0655788545487165,1000
-0.4,-0.1,"effect-dominated",12,0.3,0.06,0.105248188695936,0.0963266103929568,1000
-0.4,-0.1,"effect-dominated",12,0.3,0.1,0.104843968750343,0.0961112071386856,1000
-0.4,-0.1,"effect-dominated",25,0,0.06,0.0365460919900609,0.0336019278674382,1000
-0.4,-0.1,"effect-dominated",25,0,0.1,0.0571813098528207,0.0556031218692789,1000
-0.4,-0.1,"effect-dominated",25,0.3,0.06,0.0976561050219825,0.0974264706949869,1000
-0.4,-0.1,"effect-dominated",25,0.3,0.1,0.0975126628591795,0.0971836691847867,1000
-0.2,-0.4,"bias-dominated",12,0,0.06,0.0767968977558124,0.07399580276642,1000
-0.2,-0.4,"bias-dominated",12,0,0.1,0.11867306967137,0.113570938039072,1000
-0.2,-0.4,"bias-dominated",12,0.3,0.06,0.101110410004674,0.101015259390486,1000
-0.2,-0.4,"bias-dominated",12,0.3,0.1,0.128617219510884,0.126034849801497,1000
-0.2,-0.4,"bias-dominated",25,0,0.06,0.0749131463271866,0.0736457506030411,1000
-0.2,-0.4,"bias-dominated",25,0,0.1,0.118683844454745,0.116238736733141,1000
-0.2,-0.4,"bias-dominated",25,0.3,0.06,0.0984371947923698,0.0987344366068831,1000
-0.2,-0.4,"bias-dominated",25,0.3,0.1,0.127884238912732,0.127231213373206,1000
-0.2,-0.2,"mixed",12,0,0.06,0.0952927111401677,0.091689872944557,1000
-0.2,-0.2,"mixed",12,0,0.1,0.150443832407707,0.14311611707005,1000
-0.2,-0.2,"mixed",12,0.3,0.06,0.138254891347123,0.138259619770253,1000
-0.2,-0.2,"mixed",12,0.3,0.1,0.161104496854517,0.157555781941355,1000
-0.2,-0.2,"mixed",25,0,0.06,0.0865887213185525,0.0844632792691421,1000
-0.2,-0.2,"mixed",25,0,0.1,0.140904205275655,0.136563732776181,1000
-0.2,-0.2,"mixed",25,0.3,0.06,0.128316182056569,0.128562422312548,1000
-0.2,-0.2,"mixed",25,0.3,0.1,0.152537726743261,0.150045744447274,1000
-0.2,-0.1,"mixed",12,0,0.06,0.105542580365966,0.0968103766109073,1000
-0.2,-0.1,"mixed",12,0,0.1,0.167942379664892,0.150747688763644,1000
-0.2,-0.1,"mixed",12,0.3,0.06,0.175504464451308,0.164339657072517,1000
-0.2,-0.1,"mixed",12,0.3,0.1,0.182348298299647,0.168316001791178,1000
-0.2,-0.1,"mixed",25,0,0.06,0.0950180751787867,0.091061529140519,1000
-0.2,-0.1,"mixed",25,0,0.1,0.157741151491761,0.152142466415276,1000
-0.2,-0.1,"mixed",25,0.3,0.06,0.161438246355041,0.161203492781036,1000
-0.2,-0.1,"mixed",25,0.3,0.1,0.175042623009595,0.170339234070263,1000
-0.1,-0.4,"bias-dominated",12,0,0.06,0.0963538676782292,0.086397524701131,1000
-0.1,-0.4,"bias-dominated",12,0,0.1,0.119248891339982,0.111384376256955,1000
-0.1,-0.4,"bias-dominated",12,0.3,0.06,0.129379241264834,0.127912563932781,1000
-0.1,-0.4,"bias-dominated",12,0.3,0.1,0.156973744069473,0.152455471487872,1000
-0.1,-0.4,"bias-dominated",25,0,0.06,0.0881396404678552,0.0848062285513467,1000
-0.1,-0.4,"bias-dominated",25,0,0.1,0.114011003356137,0.109974968572348,1000
-0.1,-0.4,"bias-dominated",25,0.3,0.06,0.124424927250888,0.124111591180692,1000
-0.1,-0.4,"bias-dominated",25,0.3,0.1,0.151298194455575,0.150153949201555,1000
-0.1,-0.2,"bias-dominated",12,0,0.06,0.138556477821849,0.122209315044164,1000
-0.1,-0.2,"bias-dominated",12,0,0.1,0.164176389961651,0.147760510694085,1000
-0.1,-0.2,"bias-dominated",12,0.3,0.06,0.19382586672552,0.191130168426297,1000
-0.1,-0.2,"bias-dominated",12,0.3,0.1,0.219613092243164,0.211029689311317,1000
-0.1,-0.2,"bias-dominated",25,0,0.06,0.130558398653153,0.123308955614406,1000
-0.1,-0.2,"bias-dominated",25,0,0.1,0.163299580509554,0.154913486677824,1000
-0.1,-0.2,"bias-dominated",25,0.3,0.06,0.184344701714599,0.182503265209817,1000
-0.1,-0.2,"bias-dominated",25,0.3,0.1,0.210290256351039,0.206089099735925,1000
-0.1,-0.1,"mixed",12,0,0.06,0.177629989725387,0.148659766196941,1000
-0.1,-0.1,"mixed",12,0,0.1,0.201957314671691,0.170762179119093,1000
-0.1,-0.1,"mixed",12,0.3,0.06,0.268987272446354,0.251329146966798,1000
-0.1,-0.1,"mixed",12,0.3,0.1,0.280933145520704,0.257825549998573,1000
-0.1,-0.1,"mixed",25,0,0.06,0.175179415775274,0.157077701186273,1000
-0.1,-0.1,"mixed",25,0,0.1,0.194756443662278,0.176547617979373,1000
-0.1,-0.1,"mixed",25,0.3,0.06,0.246544541590605,0.242702715928223,1000
-0.1,-0.1,"mixed",25,0.3,0.1,0.2610280111607,0.250457431987534,1000
