"key","config_id","sigma_ps","K","ex_violation","psi","mu_b","bf_true","true_zone","Mean_BF_mc","ci_lo_mc","ci_hi_mc","Mean_BF_mcmc","ci_lo_mcmc","ci_hi_mcmc"
"cfg1_psi0_mu-0.05_sps0.06","sps0.06_K12_exV0",0.06,12,0,0,-0.05,1,"bias-dominated",0.544811310958539,0.332835090099725,0.715841030391206,0.510758905381482,0.0879860120409416,0.876238282800556
"cfg1_psi0_mu-0.1_sps0.06","sps0.06_K12_exV0",0.06,12,0,0,-0.1,1,"bias-dominated",0.700438787224728,0.567847669441961,0.81355540051257,0.65796623044561,0.201752737180991,0.915264926856217
"cfg1_psi0_mu-0.15_sps0.06","sps0.06_K12_exV0",0.06,12,0,0,-0.15,1,"bias-dominated",0.780659544025411,0.675368487965467,0.871580177663463,0.743480761126412,0.398108721905947,0.955696038417156
"cfg1_psi0_mu-0.2_sps0.06","sps0.06_K12_exV0",0.06,12,0,0,-0.2,1,"bias-dominated",0.819444080497245,0.732816089266166,0.894896915236208,0.790984587018104,0.52540016617228,0.966201150846904
"cfg1_psi0_mu-0.3_sps0.06","sps0.06_K12_exV0",0.06,12,0,0,-0.3,1,"bias-dominated",0.865266914237415,0.801551684584119,0.919940681488272,0.843874503493559,0.651829296545526,0.977053877211513
"cfg1_psi0_mu-0.4_sps0.06","sps0.06_K12_exV0",0.06,12,0,0,-0.4,1,"bias-dominated",0.891187518479422,0.841041646215933,0.935470428240815,0.876167972010699,0.723415612274218,0.982397379732091
"cfg1_psi-0.05_mu-0.05_sps0.06","sps0.06_K12_exV0",0.06,12,0,-0.05,-0.05,0.5,"mixed",0.488486995982917,0.270264615207188,0.681508372975105,0.462733759302048,0.0522441909035259,0.893670120954237
"cfg1_psi-0.05_mu-0.1_sps0.06","sps0.06_K12_exV0",0.06,12,0,-0.05,-0.1,0.666666666666667,"bias-dominated",0.64420759587909,0.492086526941731,0.77611844479073,0.617479545148003,0.136636557244307,0.927267678541117
"cfg1_psi-0.05_mu-0.15_sps0.06","sps0.06_K12_exV0",0.06,12,0,-0.05,-0.15,0.75,"bias-dominated",0.734106286683691,0.615770742061985,0.836586692275728,0.707191467214723,0.314915498064389,0.95143567677575
"cfg1_psi-0.05_mu-0.2_sps0.06","sps0.06_K12_exV0",0.06,12,0,-0.05,-0.2,0.8,"bias-dominated",0.776335372432003,0.680541967054891,0.860441520163,0.755259075112787,0.445452174268397,0.959199195491313
"cfg1_psi-0.05_mu-0.3_sps0.06","sps0.06_K12_exV0",0.06,12,0,-0.05,-0.3,0.857142857142857,"bias-dominated",0.830245286709412,0.76077105557136,0.891572987439357,0.815489926992352,0.596691037269828,0.966416756482101
"cfg1_psi-0.05_mu-0.4_sps0.06","sps0.06_K12_exV0",0.06,12,0,-0.05,-0.4,0.888888888888889,"bias-dominated",0.863891556257223,0.810007799974427,0.911269232514307,0.851894059648528,0.678488308538216,0.972208003450595
"cfg1_psi-0.1_mu-0.05_sps0.06","sps0.06_K12_exV0",0.06,12,0,-0.1,-0.05,0.333333333333333,"mixed",0.379301122639737,0.1917056505007,0.559144423002093,0.372893249036528,0.0285994296160914,0.831749184038788
"cfg1_psi-0.1_mu-0.1_sps0.06","sps0.06_K12_exV0",0.06,12,0,-0.1,-0.1,0.5,"mixed",0.527764308614386,0.391819647913877,0.656269696474895,0.516095804981929,0.0960619864943394,0.86366988274804
"cfg1_psi-0.1_mu-0.15_sps0.06","sps0.06_K12_exV0",0.06,12,0,-0.1,-0.15,0.6,"bias-dominated",0.630464847967772,0.522170395208037,0.731562262732561,0.618436294620513,0.250679127726415,0.895159492245559
"cfg1_psi-0.1_mu-0.2_sps0.06","sps0.06_K12_exV0",0.06,12,0,-0.1,-0.2,0.666666666666667,"bias-dominated",0.683614444517695,0.592945258883465,0.76973447486069,0.675688405736863,0.375924971124697,0.910128881288672
"cfg1_psi-0.1_mu-0.3_sps0.06","sps0.06_K12_exV0",0.06,12,0,-0.1,-0.3,0.75,"bias-dominated",0.758255207829349,0.69046380162788,0.821160516766198,0.75128851671614,0.530700898553091,0.926955046106033
"cfg1_psi-0.1_mu-0.4_sps0.06","sps0.06_K12_exV0",0.06,12,0,-0.1,-0.4,0.8,"bias-dominated",0.80698345110972,0.753535893721467,0.856668041581349,0.799987166928324,0.624144574992529,0.941320554190921
"cfg1_psi-0.15_mu-0.05_sps0.06","sps0.06_K12_exV0",0.06,12,0,-0.15,-0.05,0.25,"effect-dominated",0.278338403977703,0.1360557009275,0.425422960478937,0.282465533844119,0.0188561815954356,0.71885921257871
"cfg1_psi-0.15_mu-0.1_sps0.06","sps0.06_K12_exV0",0.06,12,0,-0.15,-0.1,0.4,"mixed",0.418711766208611,0.305277989719998,0.528841449968786,0.41557902201188,0.0709633602838708,0.760730114639848
"cfg1_psi-0.15_mu-0.15_sps0.06","sps0.06_K12_exV0",0.06,12,0,-0.15,-0.15,0.5,"mixed",0.523245105635375,0.430474990159131,0.614748060507235,0.519781203988317,0.203836798165181,0.80463227456228
"cfg1_psi-0.15_mu-0.2_sps0.06","sps0.06_K12_exV0",0.06,12,0,-0.15,-0.2,0.571428571428572,"bias-dominated",0.58455920854967,0.50516981209335,0.663010123792781,0.582083494077152,0.316265247384063,0.824513199624957
"cfg1_psi-0.15_mu-0.3_sps0.06","sps0.06_K12_exV0",0.06,12,0,-0.15,-0.3,0.666666666666667,"bias-dominated",0.676882292663232,0.615140272209212,0.738433416773764,0.674903924780729,0.468684960323929,0.864137818631191
"cfg1_psi-0.15_mu-0.4_sps0.06","sps0.06_K12_exV0",0.06,12,0,-0.15,-0.4,0.727272727272727,"bias-dominated",0.738209250911015,0.688752729664198,0.786684225583505,0.734973506029489,0.568324412008256,0.888360579000957
"cfg1_psi-0.2_mu-0.05_sps0.06","sps0.06_K12_exV0",0.06,12,0,-0.2,-0.05,0.2,"effect-dominated",0.214869149631636,0.104721026761746,0.3308097228618,0.220506439402057,0.0144509290065027,0.596375689607599
"cfg1_psi-0.2_mu-0.1_sps0.06","sps0.06_K12_exV0",0.06,12,0,-0.2,-0.1,0.333333333333333,"mixed",0.340205811944345,0.246427343674006,0.434115061551887,0.339879576828787,0.057723314126495,0.649252480130697
"cfg1_psi-0.2_mu-0.15_sps0.06","sps0.06_K12_exV0",0.06,12,0,-0.2,-0.15,0.428571428571428,"mixed",0.442647486242166,0.362531776978846,0.522869443692203,0.441446932035409,0.172564284139368,0.705363036158288
"cfg1_psi-0.2_mu-0.2_sps0.06","sps0.06_K12_exV0",0.06,12,0,-0.2,-0.2,0.5,"mixed",0.50780535024384,0.437546850588888,0.577140520734117,0.506215449142822,0.273732873874847,0.733653918829636
"cfg1_psi-0.2_mu-0.3_sps0.06","sps0.06_K12_exV0",0.06,12,0,-0.2,-0.3,0.6,"bias-dominated",0.608310554711263,0.552507977039154,0.664485732676475,0.606816206104835,0.420789701464182,0.78929415127085
"cfg1_psi-0.2_mu-0.4_sps0.06","sps0.06_K12_exV0",0.06,12,0,-0.2,-0.4,0.666666666666667,"bias-dominated",0.674250489887627,0.628758297564797,0.719364366794388,0.672237815203481,0.518409287287338,0.822952399268003
"cfg1_psi-0.3_mu-0.05_sps0.06","sps0.06_K12_exV0",0.06,12,0,-0.3,-0.05,0.142857142857143,"effect-dominated",0.1485632932857,0.0725784505510095,0.227550141041043,0.153389653742682,0.00998117043198844,0.418905452801961
"cfg1_psi-0.3_mu-0.1_sps0.06","sps0.06_K12_exV0",0.06,12,0,-0.3,-0.1,0.25,"effect-dominated",0.254171818323512,0.184074779643527,0.324311038756566,0.253521831504699,0.0439396376101348,0.486416941567094
"cfg1_psi-0.3_mu-0.15_sps0.06","sps0.06_K12_exV0",0.06,12,0,-0.3,-0.15,0.333333333333333,"mixed",0.341769943985327,0.279627263299555,0.4033982316045,0.34061907835433,0.13264294102842,0.547306370708027
"cfg1_psi-0.3_mu-0.2_sps0.06","sps0.06_K12_exV0",0.06,12,0,-0.3,-0.2,0.4,"mixed",0.402432074646528,0.346755125846099,0.457425724157407,0.401391644037226,0.21721912668743,0.5864812144293
"cfg1_psi-0.3_mu-0.3_sps0.06","sps0.06_K12_exV0",0.06,12,0,-0.3,-0.3,0.5,"mixed",0.504882964741986,0.459149367913322,0.550754921225594,0.503644860901047,0.349165457945484,0.657296201035731
"cfg1_psi-0.3_mu-0.4_sps0.06","sps0.06_K12_exV0",0.06,12,0,-0.3,-0.4,0.571428571428572,"bias-dominated",0.576987345590546,0.538074593329016,0.616170830121624,0.575858932181007,0.44383579192511,0.708602873199971
"cfg1_psi-0.4_mu-0.05_sps0.06","sps0.06_K12_exV0",0.06,12,0,-0.4,-0.05,0.111111111111111,"effect-dominated",0.114128345070497,0.0561066920535556,0.174962444669968,0.119293209967313,0.00771169296988897,0.322566781795001
"cfg1_psi-0.4_mu-0.1_sps0.06","sps0.06_K12_exV0",0.06,12,0,-0.4,-0.1,0.2,"effect-dominated",0.202522775104593,0.146683853014278,0.259078467054736,0.202392953237939,0.0353523598804981,0.387452497681604
"cfg1_psi-0.4_mu-0.15_sps0.06","sps0.06_K12_exV0",0.06,12,0,-0.4,-0.15,0.272727272727273,"effect-dominated",0.278164283220423,0.228228227271837,0.328279688919013,0.277929020638828,0.108218400117914,0.447049922499719
"cfg1_psi-0.4_mu-0.2_sps0.06","sps0.06_K12_exV0",0.06,12,0,-0.4,-0.2,0.333333333333333,"mixed",0.334654039985671,0.289311918056748,0.380018135682832,0.333765705989334,0.180546392775216,0.487195317315167
"cfg1_psi-0.4_mu-0.3_sps0.06","sps0.06_K12_exV0",0.06,12,0,-0.4,-0.3,0.428571428571428,"mixed",0.430077078835335,0.391548163323682,0.46880038958079,0.429148400408286,0.297293589287445,0.560212937940001
"cfg1_psi-0.4_mu-0.4_sps0.06","sps0.06_K12_exV0",0.06,12,0,-0.4,-0.4,0.5,"mixed",0.502994709404441,0.468545412024972,0.537523226335001,0.502197543407224,0.387025348824251,0.617704737828804
"cfg2_psi0_mu-0.05_sps0.1","sps0.1_K12_exV0",0.1,12,0,0,-0.05,1,"bias-dominated",0.444988574477523,0.268697676698247,0.594865224360558,0.430610618346367,0.0694728838813443,0.7993135580337
"cfg2_psi0_mu-0.1_sps0.1","sps0.1_K12_exV0",0.1,12,0,0,-0.1,1,"bias-dominated",0.605965281634989,0.496227360374474,0.704867636066078,0.579657626760515,0.191695136811616,0.824635473836693
"cfg2_psi0_mu-0.15_sps0.1","sps0.1_K12_exV0",0.1,12,0,0,-0.15,1,"bias-dominated",0.697495256471907,0.610070600880296,0.780194426786384,0.673995499989143,0.382256832340853,0.886250284642903
"cfg2_psi0_mu-0.2_sps0.1","sps0.1_K12_exV0",0.1,12,0,0,-0.2,1,"bias-dominated",0.746999471038525,0.672873810498689,0.8154979266741,0.728635300081834,0.497525232259756,0.909766950609413
"cfg2_psi0_mu-0.3_sps0.1","sps0.1_K12_exV0",0.1,12,0,0,-0.3,1,"bias-dominated",0.80398472287514,0.748143834849059,0.856468287436541,0.790632517701668,0.616858788827864,0.933627305496967
"cfg2_psi0_mu-0.4_sps0.1","sps0.1_K12_exV0",0.1,12,0,0,-0.4,1,"bias-dominated",0.838899349223427,0.79391105426486,0.881275960903064,0.829284134407971,0.689071890584232,0.946852558647369
"cfg2_psi-0.05_mu-0.05_sps0.1","sps0.1_K12_exV0",0.1,12,0,-0.05,-0.05,0.5,"mixed",0.42952577072519,0.244902103858979,0.583493938462937,0.409302820479222,0.0548782264615906,0.80213778116128
"cfg2_psi-0.05_mu-0.1_sps0.1","sps0.1_K12_exV0",0.1,12,0,-0.05,-0.1,0.666666666666667,"bias-dominated",0.583061477394644,0.457225943639164,0.692750226531671,0.559934818446349,0.151169644928314,0.846809510465052
"cfg2_psi-0.05_mu-0.15_sps0.1","sps0.1_K12_exV0",0.1,12,0,-0.05,-0.15,0.75,"bias-dominated",0.676402135347683,0.578512708836927,0.766562273858504,0.655445374553713,0.329426144331999,0.89522185673635
"cfg2_psi-0.05_mu-0.2_sps0.1","sps0.1_K12_exV0",0.1,12,0,-0.05,-0.2,0.8,"bias-dominated",0.722922640420662,0.640860840452028,0.798485644842044,0.705900030395578,0.443007593230326,0.908823947296429
"cfg2_psi-0.05_mu-0.3_sps0.1","sps0.1_K12_exV0",0.1,12,0,-0.05,-0.3,0.857142857142857,"bias-dominated",0.784687067306746,0.723571567382707,0.840931839889651,0.772405602898405,0.580907886952419,0.928055710660324
"cfg2_psi-0.05_mu-0.4_sps0.1","sps0.1_K12_exV0",0.1,12,0,-0.05,-0.4,0.888888888888889,"bias-dominated",0.822775019563432,0.77452036924205,0.86784004724014,0.813884266929319,0.658334775666687,0.939576259388956
"cfg2_psi-0.1_mu-0.05_sps0.1","sps0.1_K12_exV0",0.1,12,0,-0.1,-0.05,0.333333333333333,"mixed",0.37052228295005,0.201639287349916,0.528008611663075,0.36219226142683,0.0422768267999421,0.769630924997919
"cfg2_psi-0.1_mu-0.1_sps0.1","sps0.1_K12_exV0",0.1,12,0,-0.1,-0.1,0.5,"mixed",0.515357335754977,0.393047670786488,0.629904542583379,0.500264864067209,0.11184194195968,0.808765541118449
"cfg2_psi-0.1_mu-0.15_sps0.1","sps0.1_K12_exV0",0.1,12,0,-0.1,-0.15,0.6,"bias-dominated",0.619792733229409,0.521765819140584,0.709321470348722,0.603222771537875,0.273082820798816,0.855733241573093
"cfg2_psi-0.1_mu-0.2_sps0.1","sps0.1_K12_exV0",0.1,12,0,-0.1,-0.2,0.666666666666667,"bias-dominated",0.668504168580654,0.586083485331973,0.747592279331378,0.658229966875512,0.387426957936257,0.873792454385423
"cfg2_psi-0.1_mu-0.3_sps0.1","sps0.1_K12_exV0",0.1,12,0,-0.1,-0.3,0.75,"bias-dominated",0.740914281683298,0.678520291257478,0.800068804202048,0.732842765809533,0.532941895295355,0.897924059505534
"cfg2_psi-0.1_mu-0.4_sps0.1","sps0.1_K12_exV0",0.1,12,0,-0.1,-0.4,0.8,"bias-dominated",0.790756635554908,0.740490160176282,0.83739059619078,0.783208173658658,0.620968580866773,0.917735075642767
"cfg2_psi-0.15_mu-0.05_sps0.1","sps0.1_K12_exV0",0.1,12,0,-0.15,-0.05,0.25,"effect-dominated",0.304777871729881,0.157751768517695,0.448083167364689,0.303225337023518,0.0269771418971568,0.703061666457476
"cfg2_psi-0.15_mu-0.1_sps0.1","sps0.1_K12_exV0",0.1,12,0,-0.15,-0.1,0.4,"mixed",0.436562680068815,0.32383505311692,0.544892538215345,0.429732782131395,0.0826183812998406,0.74540418194309
"cfg2_psi-0.15_mu-0.15_sps0.1","sps0.1_K12_exV0",0.1,12,0,-0.15,-0.15,0.5,"mixed",0.539441539374071,0.448126233534984,0.627246416930533,0.531113073325304,0.221178876611911,0.790900934837023
"cfg2_psi-0.15_mu-0.2_sps0.1","sps0.1_K12_exV0",0.1,12,0,-0.15,-0.2,0.571428571428572,"bias-dominated",0.592631344952461,0.514804423326574,0.666686727354734,0.586042976565531,0.328997024234886,0.807323127033339
"cfg2_psi-0.15_mu-0.3_sps0.1","sps0.1_K12_exV0",0.1,12,0,-0.15,-0.3,0.666666666666667,"bias-dominated",0.684309892908565,0.62326293066347,0.742895955709154,0.678903899667805,0.47982867025803,0.851007244138806
"cfg2_psi-0.15_mu-0.4_sps0.1","sps0.1_K12_exV0",0.1,12,0,-0.15,-0.4,0.727272727272727,"bias-dominated",0.739689750973352,0.691317701599415,0.786009427078224,0.734527791306739,0.574585617808834,0.876570102665256
"cfg2_psi-0.2_mu-0.05_sps0.1","sps0.1_K12_exV0",0.1,12,0,-0.2,-0.05,0.2,"effect-dominated",0.243563981952145,0.122743697828614,0.366906215213292,0.24660512522174,0.0182711625906194,0.614495214819645
"cfg2_psi-0.2_mu-0.1_sps0.1","sps0.1_K12_exV0",0.1,12,0,-0.2,-0.1,0.333333333333333,"mixed",0.361859607293079,0.263288852898395,0.459087870837718,0.360775316349966,0.0630290747363744,0.660194715468557
"cfg2_psi-0.2_mu-0.15_sps0.1","sps0.1_K12_exV0",0.1,12,0,-0.2,-0.15,0.428571428571428,"mixed",0.464109267534931,0.381861136800015,0.545413143783941,0.460314030291702,0.184327265755264,0.71242992588212
"cfg2_psi-0.2_mu-0.2_sps0.1","sps0.1_K12_exV0",0.1,12,0,-0.2,-0.2,0.5,"mixed",0.522645200494005,0.451286937612885,0.591344158337588,0.519076588750979,0.285097280265204,0.734235539402069
"cfg2_psi-0.2_mu-0.3_sps0.1","sps0.1_K12_exV0",0.1,12,0,-0.2,-0.3,0.6,"bias-dominated",0.622248926443802,0.565202178579962,0.677224444189174,0.618320246554667,0.431643014591602,0.790390640624415
"cfg2_psi-0.2_mu-0.4_sps0.1","sps0.1_K12_exV0",0.1,12,0,-0.2,-0.4,0.666666666666667,"bias-dominated",0.681924951805279,0.636338781335035,0.7265705779506,0.678771658290074,0.526039378958124,0.821949853651779
"cfg2_psi-0.3_mu-0.05_sps0.1","sps0.1_K12_exV0",0.1,12,0,-0.3,-0.05,0.142857142857143,"effect-dominated",0.159906766949899,0.0784054639285315,0.245385680210122,0.164590617439734,0.0107356298793738,0.445130053378675
"cfg2_psi-0.3_mu-0.1_sps0.1","sps0.1_K12_exV0",0.1,12,0,-0.3,-0.1,0.25,"effect-dominated",0.266111662697653,0.192860567788945,0.339317546069072,0.265056737040842,0.0460894319111147,0.504387745033051
"cfg2_psi-0.3_mu-0.15_sps0.1","sps0.1_K12_exV0",0.1,12,0,-0.3,-0.15,0.333333333333333,"mixed",0.355803928389798,0.291189287748538,0.419617482154313,0.354360273249194,0.138330891747031,0.565404074370963
"cfg2_psi-0.3_mu-0.2_sps0.1","sps0.1_K12_exV0",0.1,12,0,-0.3,-0.2,0.4,"mixed",0.412339361591287,0.355253506481524,0.468408353267547,0.411038715363731,0.222626617127801,0.597452786788707
"cfg2_psi-0.3_mu-0.3_sps0.1","sps0.1_K12_exV0",0.1,12,0,-0.3,-0.3,0.5,"mixed",0.514003810693279,0.467403595298134,0.560767912170408,0.512749188675074,0.355598957995968,0.667979505301171
"cfg2_psi-0.3_mu-0.4_sps0.1","sps0.1_K12_exV0",0.1,12,0,-0.3,-0.4,0.571428571428572,"bias-dominated",0.586416538191881,0.546817815009766,0.626184356442982,0.585145587955972,0.451129190109849,0.718064302473068
"cfg2_psi-0.4_mu-0.05_sps0.1","sps0.1_K12_exV0",0.1,12,0,-0.4,-0.05,0.111111111111111,"effect-dominated",0.11919488098579,0.058668906919952,0.182945323601652,0.124529264074241,0.00803305210138369,0.337077148801304
"cfg2_psi-0.4_mu-0.1_sps0.1","sps0.1_K12_exV0",0.1,12,0,-0.4,-0.1,0.2,"effect-dominated",0.208489263483571,0.15108242203453,0.266581721930521,0.208246620699103,0.0363488065214928,0.39841411311155
"cfg2_psi-0.4_mu-0.15_sps0.1","sps0.1_K12_exV0",0.1,12,0,-0.4,-0.15,0.272727272727273,"effect-dominated",0.286451020124037,0.235170118531832,0.33793871101908,0.286232427102458,0.111518726406373,0.460171099640907
"cfg2_psi-0.4_mu-0.2_sps0.1","sps0.1_K12_exV0",0.1,12,0,-0.4,-0.2,0.333333333333333,"mixed",0.33963576537533,0.293522668613385,0.385706904191013,0.338726507588834,0.1832667132718,0.494343208988595
"cfg2_psi-0.4_mu-0.3_sps0.1","sps0.1_K12_exV0",0.1,12,0,-0.4,-0.3,0.428571428571428,"mixed",0.435718245910735,0.396629576863406,0.474978943172863,0.434747677185383,0.301126944075679,0.567503778257889
"cfg2_psi-0.4_mu-0.4_sps0.1","sps0.1_K12_exV0",0.1,12,0,-0.4,-0.4,0.5,"mixed",0.50857257500509,0.473685978077942,0.543539629510151,0.507776759377613,0.391306874612697,0.624413799265748
"cfg3_psi0_mu-0.05_sps0.06","sps0.06_K25_exV0",0.06,25,0,0,-0.05,1,"bias-dominated",0.566216582058091,0.399912299507816,0.701430012823446,0.540626272102202,0.136731547197711,0.814813184876682
"cfg3_psi0_mu-0.1_sps0.06","sps0.06_K25_exV0",0.06,25,0,0,-0.1,1,"bias-dominated",0.699242240236591,0.59694416685607,0.79178711825853,0.68138133339102,0.426398313696156,0.884148151963431
"cfg3_psi0_mu-0.15_sps0.06","sps0.06_K25_exV0",0.06,25,0,0,-0.15,1,"bias-dominated",0.771229322589607,0.69089555482072,0.844349247780923,0.757311252663853,0.562934884999359,0.920095161307528
"cfg3_psi0_mu-0.2_sps0.06","sps0.06_K25_exV0",0.06,25,0,0,-0.2,1,"bias-dominated",0.81975006791626,0.752842900104549,0.879407062720626,0.807584344448685,0.652810717864396,0.941000285754109
"cfg3_psi0_mu-0.3_sps0.06","sps0.06_K25_exV0",0.06,25,0,0,-0.3,1,"bias-dominated",0.865174581327144,0.815410953894577,0.909951646740746,0.85707178089645,0.739245888682533,0.956573225295038
"cfg3_psi0_mu-0.4_sps0.06","sps0.06_K25_exV0",0.06,25,0,0,-0.4,1,"bias-dominated",0.897016242393374,0.857602055151913,0.93194638457527,0.890957285927887,0.79672211364129,0.968176656704346
"cfg3_psi-0.05_mu-0.05_sps0.06","sps0.06_K25_exV0",0.06,25,0,-0.05,-0.05,0.5,"mixed",0.50554524587525,0.328173276781342,0.660571277556654,0.486833753468351,0.0899966772465773,0.821681180271273
"cfg3_psi-0.05_mu-0.1_sps0.06","sps0.06_K25_exV0",0.06,25,0,-0.05,-0.1,0.666666666666667,"bias-dominated",0.647477544454313,0.532793842638347,0.751670932104864,0.633720350586417,0.339596104381499,0.870892562138049
"cfg3_psi-0.05_mu-0.15_sps0.06","sps0.06_K25_exV0",0.06,25,0,-0.05,-0.15,0.75,"bias-dominated",0.728952431894261,0.639686467342804,0.811027764373165,0.718528172745471,0.489995667102212,0.903747903481715
"cfg3_psi-0.05_mu-0.2_sps0.06","sps0.06_K25_exV0",0.06,25,0,-0.05,-0.2,0.8,"bias-dominated",0.773947342781876,0.700125089512471,0.840000179109279,0.76553769196331,0.582736410533186,0.91606059969724
"cfg3_psi-0.05_mu-0.3_sps0.06","sps0.06_K25_exV0",0.06,25,0,-0.05,-0.3,0.857142857142857,"bias-dominated",0.836254187944783,0.781416374165074,0.885586651877822,0.829881589114578,0.695406472314642,0.939130212604924
"cfg3_psi-0.05_mu-0.4_sps0.06","sps0.06_K25_exV0",0.06,25,0,-0.05,-0.4,0.888888888888889,"bias-dominated",0.871816109736325,0.829560944973189,0.909768675304875,0.866146930732224,0.760665946890543,0.951754940447228
"cfg3_psi-0.1_mu-0.05_sps0.06","sps0.06_K25_exV0",0.06,25,0,-0.1,-0.05,0.333333333333333,"mixed",0.376273192207246,0.230611859219919,0.514438795809376,0.371166556582158,0.0525428465305078,0.704764889015391
"cfg3_psi-0.1_mu-0.1_sps0.06","sps0.06_K25_exV0",0.06,25,0,-0.1,-0.1,0.5,"mixed",0.539020738517848,0.432866004653134,0.638415063645445,0.532976859562392,0.256683017059597,0.772691498916309
"cfg3_psi-0.1_mu-0.15_sps0.06","sps0.06_K25_exV0",0.06,25,0,-0.1,-0.15,0.6,"bias-dominated",0.624886069299554,0.541860070313522,0.703619950168502,0.62044853171474,0.402871883036132,0.815523359932567
"cfg3_psi-0.1_mu-0.2_sps0.06","sps0.06_K25_exV0",0.06,25,0,-0.1,-0.2,0.666666666666667,"bias-dominated",0.680159222799062,0.610996367620942,0.745479931064141,0.676825961709746,0.498296433023112,0.837909273009153
"cfg3_psi-0.1_mu-0.3_sps0.06","sps0.06_K25_exV0",0.06,25,0,-0.1,-0.3,0.75,"bias-dominated",0.756907039204107,0.705018501096917,0.805397649818119,0.7540057278921,0.621541902174056,0.874111601123697
"cfg3_psi-0.1_mu-0.4_sps0.06","sps0.06_K25_exV0",0.06,25,0,-0.1,-0.4,0.8,"bias-dominated",0.806696237109468,0.766111633734787,0.846322529317686,0.80447494428792,0.698555375032491,0.900618376973483
"cfg3_psi-0.15_mu-0.05_sps0.06","sps0.06_K25_exV0",0.06,25,0,-0.15,-0.05,0.25,"effect-dominated",0.277593092215478,0.165774927239189,0.387608364805623,0.275992499671226,0.0342338016558827,0.556968926146047
"cfg3_psi-0.15_mu-0.1_sps0.06","sps0.06_K25_exV0",0.06,25,0,-0.15,-0.1,0.4,"mixed",0.428801350345812,0.342498144436987,0.514075385820808,0.426936438792222,0.199941270194817,0.64672910804816
"cfg3_psi-0.15_mu-0.15_sps0.06","sps0.06_K25_exV0",0.06,25,0,-0.15,-0.15,0.5,"mixed",0.526066761497946,0.454733696145681,0.597271762561972,0.525610917459385,0.336551803481204,0.708497976933014
"cfg3_psi-0.15_mu-0.2_sps0.06","sps0.06_K25_exV0",0.06,25,0,-0.15,-0.2,0.571428571428572,"bias-dominated",0.585172336284297,0.525340084813322,0.643817881860875,0.584037935945742,0.426899988965276,0.737228021011418
"cfg3_psi-0.15_mu-0.3_sps0.06","sps0.06_K25_exV0",0.06,25,0,-0.15,-0.3,0.666666666666667,"bias-dominated",0.675132639030755,0.628829238811958,0.720936097504972,0.674305917148631,0.55272182649999,0.793159919770415
"cfg3_psi-0.15_mu-0.4_sps0.06","sps0.06_K25_exV0",0.06,25,0,-0.15,-0.4,0.727272727272727,"bias-dominated",0.736684275661022,0.69904086312137,0.773763018273052,0.735642717893999,0.636939871271171,0.832049212409273
"cfg3_psi-0.2_mu-0.05_sps0.06","sps0.06_K25_exV0",0.06,25,0,-0.2,-0.05,0.2,"effect-dominated",0.21217843624,0.126004145959461,0.299383080633936,0.212240063859856,0.0253082545026509,0.441241322163466
"cfg3_psi-0.2_mu-0.1_sps0.06","sps0.06_K25_exV0",0.06,25,0,-0.2,-0.1,0.333333333333333,"mixed",0.351515447126594,0.280560884134767,0.422790155044627,0.350398741377389,0.16289250411911,0.538727985879165
"cfg3_psi-0.2_mu-0.15_sps0.06","sps0.06_K25_exV0",0.06,25,0,-0.2,-0.15,0.428571428571428,"mixed",0.439675200737741,0.38015036219613,0.499987362316386,0.439813040356207,0.28120578022428,0.598138692702442
"cfg3_psi-0.2_mu-0.2_sps0.06","sps0.06_K25_exV0",0.06,25,0,-0.2,-0.2,0.5,"mixed",0.511609301189135,0.458959569903777,0.563858899273083,0.5108130138425,0.372815456647717,0.648855747928529
"cfg3_psi-0.2_mu-0.3_sps0.06","sps0.06_K25_exV0",0.06,25,0,-0.2,-0.3,0.6,"bias-dominated",0.605076866343856,0.563619475372382,0.646960015412008,0.605411694349934,0.495571964425027,0.714905588767837
"cfg3_psi-0.2_mu-0.4_sps0.06","sps0.06_K25_exV0",0.06,25,0,-0.2,-0.4,0.666666666666667,"bias-dominated",0.677087106978702,0.642388462328778,0.711556782988208,0.676132248459392,0.584736467244824,0.767142278042646
"cfg3_psi-0.3_mu-0.05_sps0.06","sps0.06_K25_exV0",0.06,25,0,-0.3,-0.05,0.142857142857143,"effect-dominated",0.147998967135215,0.0881797532739537,0.20870032695616,0.148251322493197,0.0179964939453127,0.308781513200285
"cfg3_psi-0.3_mu-0.1_sps0.06","sps0.06_K25_exV0",0.06,25,0,-0.3,-0.1,0.25,"effect-dominated",0.259408093167317,0.20721378275482,0.311814716638537,0.258087890675363,0.11966481322903,0.397100926544702
"cfg3_psi-0.3_mu-0.15_sps0.06","sps0.06_K25_exV0",0.06,25,0,-0.3,-0.15,0.333333333333333,"mixed",0.338732353403231,0.293032434540721,0.385118708016564,0.339056141602817,0.216390048152214,0.461245221754745
"cfg3_psi-0.3_mu-0.2_sps0.06","sps0.06_K25_exV0",0.06,25,0,-0.3,-0.2,0.4,"mixed",0.407347305081393,0.365757222302753,0.449243239883705,0.407050844116609,0.297011427229757,0.517701901601879
"cfg3_psi-0.3_mu-0.3_sps0.06","sps0.06_K25_exV0",0.06,25,0,-0.3,-0.3,0.5,"mixed",0.503830157172322,0.469104357162699,0.538502433391415,0.503814536563774,0.412677669453659,0.594897521166521
"cfg3_psi-0.3_mu-0.4_sps0.06","sps0.06_K25_exV0",0.06,25,0,-0.3,-0.4,0.571428571428572,"bias-dominated",0.577195352983629,0.547420802710689,0.606707166766862,0.576600932447901,0.498533378237359,0.655151701474864
"cfg3_psi-0.4_mu-0.05_sps0.06","sps0.06_K25_exV0",0.06,25,0,-0.4,-0.05,0.111111111111111,"effect-dominated",0.113432430463187,0.0678626364337876,0.159554634157749,0.113646647786673,0.0138060975152859,0.236060457068167
"cfg3_psi-0.4_mu-0.1_sps0.06","sps0.06_K25_exV0",0.06,25,0,-0.4,-0.1,0.2,"effect-dominated",0.203709820168343,0.162564110463049,0.244620459500817,0.203060067974845,0.0936466952142725,0.31234011819776
"cfg3_psi-0.4_mu-0.15_sps0.06","sps0.06_K25_exV0",0.06,25,0,-0.4,-0.15,0.272727272727273,"effect-dominated",0.275818398134365,0.237900518041892,0.313783909811462,0.27616742904625,0.176067392270708,0.375587232326086
"cfg3_psi-0.4_mu-0.2_sps0.06","sps0.06_K25_exV0",0.06,25,0,-0.4,-0.2,0.333333333333333,"mixed",0.338694445871549,0.303709081280225,0.373505518681266,0.338339775029688,0.246876189288406,0.429793036324773
"cfg3_psi-0.4_mu-0.3_sps0.06","sps0.06_K25_exV0",0.06,25,0,-0.4,-0.3,0.428571428571428,"mixed",0.43318319506684,0.40340654702986,0.46295031106241,0.433125598253238,0.35462646517822,0.511176193644476
"cfg3_psi-0.4_mu-0.4_sps0.06","sps0.06_K25_exV0",0.06,25,0,-0.4,-0.4,0.5,"mixed",0.501643516236855,0.475344872018006,0.527530683100977,0.501541729155514,0.433398822393524,0.569955583610904
"cfg4_psi0_mu-0.05_sps0.1","sps0.1_K25_exV0",0.1,25,0,0,-0.05,1,"bias-dominated",0.464684074737936,0.328695639420158,0.580631023575728,0.450642506538986,0.114938856952123,0.704675821238232
"cfg4_psi0_mu-0.1_sps0.1","sps0.1_K25_exV0",0.1,25,0,0,-0.1,1,"bias-dominated",0.601406987285298,0.516932293489852,0.679493828210188,0.590739413531856,0.374483287157615,0.771334543686837
"cfg4_psi0_mu-0.15_sps0.1","sps0.1_K25_exV0",0.1,25,0,0,-0.15,1,"bias-dominated",0.684945682282922,0.617722294876316,0.748087711485863,0.676110356346764,0.509140706035645,0.825976659376683
"cfg4_psi0_mu-0.2_sps0.1","sps0.1_K25_exV0",0.1,25,0,0,-0.2,1,"bias-dominated",0.743865451751277,0.687426237246512,0.796550095082077,0.736040942601292,0.60228388117285,0.863457953204244
"cfg4_psi0_mu-0.3_sps0.1","sps0.1_K25_exV0",0.1,25,0,0,-0.3,1,"bias-dominated",0.801439590292164,0.758006903220637,0.843155788952606,0.796693972905661,0.691310209075591,0.895973739158425
"cfg4_psi0_mu-0.4_sps0.1","sps0.1_K25_exV0",0.1,25,0,0,-0.4,1,"bias-dominated",0.846099075599733,0.81077201093772,0.879365313614786,0.842263715413837,0.756011784501239,0.922006041266436
"cfg4_psi-0.05_mu-0.05_sps0.1","sps0.1_K25_exV0",0.1,25,0,-0.05,-0.05,0.5,"mixed",0.445688251519639,0.296515777088509,0.572407020560243,0.431431602544988,0.0875813100098911,0.713233666141668
"cfg4_psi-0.05_mu-0.1_sps0.1","sps0.1_K25_exV0",0.1,25,0,-0.05,-0.1,0.666666666666667,"bias-dominated",0.577141161660875,0.485569495581177,0.664244275257895,0.567798146743367,0.331741141209503,0.773272284954169
"cfg4_psi-0.05_mu-0.15_sps0.1","sps0.1_K25_exV0",0.1,25,0,-0.05,-0.15,0.75,"bias-dominated",0.672063397865175,0.596703292994187,0.743744508615942,0.664174359780187,0.472814625397185,0.832730600794692
"cfg4_psi-0.05_mu-0.2_sps0.1","sps0.1_K25_exV0",0.1,25,0,-0.05,-0.2,0.8,"bias-dominated",0.718065209789521,0.655797510213791,0.777460815589096,0.71192534508528,0.558017029467233,0.853674167862488
"cfg4_psi-0.05_mu-0.3_sps0.1","sps0.1_K25_exV0",0.1,25,0,-0.05,-0.3,0.857142857142857,"bias-dominated",0.790908210524327,0.742428229846474,0.836114037448685,0.785569762962575,0.667363629821904,0.891987281314743
"cfg4_psi-0.05_mu-0.4_sps0.1","sps0.1_K25_exV0",0.1,25,0,-0.05,-0.4,0.888888888888889,"bias-dominated",0.83103326056753,0.793252649119451,0.867137172576959,0.827209085151846,0.732509522292483,0.912576106733546
"cfg4_psi-0.1_mu-0.05_sps0.1","sps0.1_K25_exV0",0.1,25,0,-0.1,-0.05,0.333333333333333,"mixed",0.37523192158501,0.241545836254024,0.498001738733431,0.367374630713657,0.0676022454375782,0.657894416305647
"cfg4_psi-0.1_mu-0.1_sps0.1","sps0.1_K25_exV0",0.1,25,0,-0.1,-0.1,0.5,"mixed",0.524667826116016,0.43187100562472,0.612657793096678,0.518318866457107,0.276799857868,0.732865307754553
"cfg4_psi-0.1_mu-0.15_sps0.1","sps0.1_K25_exV0",0.1,25,0,-0.1,-0.15,0.6,"bias-dominated",0.614323150416723,0.538813933845708,0.686240744132448,0.608917046047052,0.413063774918498,0.785815257290995
"cfg4_psi-0.1_mu-0.2_sps0.1","sps0.1_K25_exV0",0.1,25,0,-0.1,-0.2,0.666666666666667,"bias-dominated",0.66992106573059,0.605825472911324,0.729721535467163,0.664855337072038,0.50352496761686,0.809478571889191
"cfg4_psi-0.1_mu-0.3_sps0.1","sps0.1_K25_exV0",0.1,25,0,-0.1,-0.3,0.75,"bias-dominated",0.740602914582796,0.692596393284902,0.78628761538178,0.737788200728199,0.61622199091018,0.850078328206106
"cfg4_psi-0.1_mu-0.4_sps0.1","sps0.1_K25_exV0",0.1,25,0,-0.1,-0.4,0.8,"bias-dominated",0.794029344905982,0.755270944979581,0.830621696980312,0.790595297026021,0.69226359579024,0.879275162178775
"cfg4_psi-0.15_mu-0.05_sps0.1","sps0.1_K25_exV0",0.1,25,0,-0.15,-0.05,0.25,"effect-dominated",0.300825999150559,0.186180071948273,0.410936702001259,0.296870975294111,0.04430516279709,0.56604793636888
"cfg4_psi-0.15_mu-0.1_sps0.1","sps0.1_K25_exV0",0.1,25,0,-0.15,-0.1,0.4,"mixed",0.451152106133882,0.366060973607455,0.533451729360634,0.446454626295834,0.223511216832803,0.651321333677056
"cfg4_psi-0.15_mu-0.15_sps0.1","sps0.1_K25_exV0",0.1,25,0,-0.15,-0.15,0.5,"mixed",0.547321319037271,0.476347796754697,0.616486317168655,0.543997605890147,0.358525091304389,0.714206825868414
"cfg4_psi-0.15_mu-0.2_sps0.1","sps0.1_K25_exV0",0.1,25,0,-0.15,-0.2,0.571428571428572,"bias-dominated",0.59501337512022,0.535853716353416,0.651600715092827,0.591821858512984,0.439273091608824,0.735295527173117
"cfg4_psi-0.15_mu-0.3_sps0.1","sps0.1_K25_exV0",0.1,25,0,-0.15,-0.3,0.666666666666667,"bias-dominated",0.681129803284884,0.635528187505643,0.725239011439676,0.67918851975392,0.561447598126783,0.790311894185188
"cfg4_psi-0.15_mu-0.4_sps0.1","sps0.1_K25_exV0",0.1,25,0,-0.15,-0.4,0.727272727272727,"bias-dominated",0.738240975768096,0.701276778156502,0.774502634567452,0.736650406584866,0.640528142547933,0.827744241931625
"cfg4_psi-0.2_mu-0.05_sps0.1","sps0.1_K25_exV0",0.1,25,0,-0.2,-0.05,0.2,"effect-dominated",0.237600126007473,0.143730385828463,0.329213591470819,0.235455307753497,0.0308606585300945,0.47097732691016
"cfg4_psi-0.2_mu-0.1_sps0.1","sps0.1_K25_exV0",0.1,25,0,-0.2,-0.1,0.333333333333333,"mixed",0.378294426808821,0.303295688232492,0.452009428307098,0.37551813472886,0.178596544410421,0.563759677833623
"cfg4_psi-0.2_mu-0.15_sps0.1","sps0.1_K25_exV0",0.1,25,0,-0.2,-0.15,0.428571428571428,"mixed",0.460063311694762,0.398520959437511,0.521254686087323,0.45942440556084,0.296631046084362,0.616926507752733
"cfg4_psi-0.2_mu-0.2_sps0.1","sps0.1_K25_exV0",0.1,25,0,-0.2,-0.2,0.5,"mixed",0.527019338707218,0.473539546317988,0.579386214442721,0.525525544905863,0.386835959605272,0.659908904053433
"cfg4_psi-0.2_mu-0.3_sps0.1","sps0.1_K25_exV0",0.1,25,0,-0.2,-0.3,0.6,"bias-dominated",0.616439261328295,0.574456946593541,0.658116441273632,0.616153079650596,0.505990371735848,0.72294275260803
"cfg4_psi-0.2_mu-0.4_sps0.1","sps0.1_K25_exV0",0.1,25,0,-0.2,-0.4,0.666666666666667,"bias-dominated",0.686171188506773,0.651332994582775,0.720447086779238,0.684866463410576,0.593741870905592,0.773619667227861
"cfg4_psi-0.3_mu-0.05_sps0.1","sps0.1_K25_exV0",0.1,25,0,-0.3,-0.05,0.142857142857143,"effect-dominated",0.159112950864175,0.0949271943420154,0.224273390375269,0.159250528250315,0.0193476117567741,0.329843227945764
"cfg4_psi-0.3_mu-0.1_sps0.1","sps0.1_K25_exV0",0.1,25,0,-0.3,-0.1,0.25,"effect-dominated",0.273610330706248,0.218562727968398,0.328304744790751,0.271911581107555,0.126184697706697,0.416826519755714
"cfg4_psi-0.3_mu-0.15_sps0.1","sps0.1_K25_exV0",0.1,25,0,-0.3,-0.15,0.333333333333333,"mixed",0.351046598051906,0.303765791395256,0.399150367492874,0.351393374710128,0.22433664911427,0.477643116139111
"cfg4_psi-0.3_mu-0.2_sps0.1","sps0.1_K25_exV0",0.1,25,0,-0.3,-0.2,0.4,"mixed",0.420661719708636,0.37776872432944,0.463701145548964,0.420227461662156,0.307234326229786,0.533317160927187
"cfg4_psi-0.3_mu-0.3_sps0.1","sps0.1_K25_exV0",0.1,25,0,-0.3,-0.3,0.5,"mixed",0.513097595021734,0.477737897667065,0.548343734485444,0.512976542827823,0.4202324104289,0.605308139920188
"cfg4_psi-0.3_mu-0.4_sps0.1","sps0.1_K25_exV0",0.1,25,0,-0.3,-0.4,0.571428571428572,"bias-dominated",0.585844291204625,0.555600265650101,0.615605140292119,0.585078947982096,0.506079430984156,0.664175972439798
"cfg4_psi-0.4_mu-0.05_sps0.1","sps0.1_K25_exV0",0.1,25,0,-0.4,-0.05,0.111111111111111,"effect-dominated",0.118109602914591,0.0707584673052106,0.166139814482098,0.118306200588756,0.0143732052372856,0.245691923654488
"cfg4_psi-0.4_mu-0.1_sps0.1","sps0.1_K25_exV0",0.1,25,0,-0.4,-0.1,0.2,"effect-dominated",0.209149618824317,0.166877538213261,0.251092217082201,0.208458490875619,0.0961092706191643,0.320596843658423
"cfg4_psi-0.4_mu-0.15_sps0.1","sps0.1_K25_exV0",0.1,25,0,-0.4,-0.15,0.272727272727273,"effect-dominated",0.282476124704896,0.243666226873754,0.321376225236389,0.282770091067581,0.180255431094688,0.384553774752196
"cfg4_psi-0.4_mu-0.2_sps0.1","sps0.1_K25_exV0",0.1,25,0,-0.4,-0.2,0.333333333333333,"mixed",0.347298901279311,0.311386866224358,0.383026347605235,0.346934054418317,0.253129529777953,0.440637763437465
"cfg4_psi-0.4_mu-0.3_sps0.1","sps0.1_K25_exV0",0.1,25,0,-0.4,-0.3,0.428571428571428,"mixed",0.440583726249143,0.410288350411851,0.470878965305037,0.440520160200005,0.360677825220279,0.519892088265094
"cfg4_psi-0.4_mu-0.4_sps0.1","sps0.1_K25_exV0",0.1,25,0,-0.4,-0.4,0.5,"mixed",0.506646807491819,0.480076123667271,0.532792729679324,0.506531967727307,0.437698757025259,0.575626407332847
"cfg5_psi0_mu-0.05_sps0.06","sps0.06_K12_exV0.3",0.06,12,0.3,0,-0.05,1,"bias-dominated",0.226692658571104,0.0549554445595247,0.659289384220336,0.339616009433843,0.058961292202005,0.860946539514654
"cfg5_psi0_mu-0.1_sps0.06","sps0.06_K12_exV0.3",0.06,12,0.3,0,-0.1,1,"bias-dominated",0.502259876613515,0.146790151588271,0.78517020215941,0.473389063707566,0.0513985563791038,0.911871753975849
"cfg5_psi0_mu-0.15_sps0.06","sps0.06_K12_exV0.3",0.06,12,0.3,0,-0.15,1,"bias-dominated",0.656483080748565,0.372630023010793,0.856580333534866,0.615876725110236,0.100850642153542,0.943053315012402
"cfg5_psi0_mu-0.2_sps0.06","sps0.06_K12_exV0.3",0.06,12,0.3,0,-0.2,1,"bias-dominated",0.729579236395717,0.521191390034164,0.879321450825237,0.698921412369584,0.267703934174122,0.95876418337438
"cfg5_psi0_mu-0.3_sps0.06","sps0.06_K12_exV0.3",0.06,12,0.3,0,-0.3,1,"bias-dominated",0.806504809273715,0.663785356234843,0.913525956861657,0.784708812660876,0.501825596180075,0.966974995957899
"cfg5_psi0_mu-0.4_sps0.06","sps0.06_K12_exV0.3",0.06,12,0.3,0,-0.4,1,"bias-dominated",0.84751513879277,0.739901729866871,0.929415318873137,0.83129726681157,0.616500298338657,0.972864071628217
"cfg5_psi-0.05_mu-0.05_sps0.06","sps0.06_K12_exV0.3",0.06,12,0.3,-0.05,-0.05,0.5,"mixed",0.159004000646571,0.0322491829437735,0.537862178399545,0.271969315044837,0.0320060744160583,0.796014624649971
"cfg5_psi-0.05_mu-0.1_sps0.06","sps0.06_K12_exV0.3",0.06,12,0.3,-0.05,-0.1,0.666666666666667,"bias-dominated",0.383519036765064,0.096874006410563,0.665505812568372,0.372622892602311,0.0302931864583036,0.854990123472951
"cfg5_psi-0.05_mu-0.15_sps0.06","sps0.06_K12_exV0.3",0.06,12,0.3,-0.05,-0.15,0.75,"bias-dominated",0.545240501170171,0.291400054092177,0.751567088515164,0.526070321434716,0.0734354275689352,0.89252603884956
"cfg5_psi-0.05_mu-0.2_sps0.06","sps0.06_K12_exV0.3",0.06,12,0.3,-0.05,-0.2,0.8,"bias-dominated",0.622992852780391,0.430908306619637,0.787618082872684,0.610344009248093,0.209487914240319,0.91049031603384
"cfg5_psi-0.05_mu-0.3_sps0.06","sps0.06_K12_exV0.3",0.06,12,0.3,-0.05,-0.3,0.857142857142857,"bias-dominated",0.726248898063628,0.587430177191134,0.842532320696102,0.715205943628131,0.433220989270669,0.928353791109959
"cfg5_psi-0.05_mu-0.4_sps0.06","sps0.06_K12_exV0.3",0.06,12,0.3,-0.05,-0.4,0.888888888888889,"bias-dominated",0.78689173598021,0.682382107702729,0.875097568235409,0.776534784614369,0.560221450982363,0.942991002518906
"cfg5_psi-0.1_mu-0.05_sps0.06","sps0.06_K12_exV0.3",0.06,12,0.3,-0.1,-0.05,0.333333333333333,"mixed",0.106079413055343,0.0180355053060339,0.398866687957913,0.205354221283915,0.0165009914061104,0.680094779912778
"cfg5_psi-0.1_mu-0.1_sps0.06","sps0.06_K12_exV0.3",0.06,12,0.3,-0.1,-0.1,0.5,"mixed",0.274633586882087,0.0643975701505017,0.515646407759149,0.278413666823385,0.0178815320770319,0.743160093067573
"cfg5_psi-0.1_mu-0.15_sps0.06","sps0.06_K12_exV0.3",0.06,12,0.3,-0.1,-0.15,0.6,"bias-dominated",0.432197068709177,0.22528292303338,0.621909428612578,0.425399631023056,0.0581255646095567,0.798610770685827
"cfg5_psi-0.1_mu-0.2_sps0.06","sps0.06_K12_exV0.3",0.06,12,0.3,-0.1,-0.2,0.666666666666667,"bias-dominated",0.523247527086452,0.356823882225733,0.678014479990384,0.517015778255438,0.170602019735884,0.82464034258539
"cfg5_psi-0.1_mu-0.3_sps0.06","sps0.06_K12_exV0.3",0.06,12,0.3,-0.1,-0.3,0.75,"bias-dominated",0.63770743148529,0.514208854903853,0.753989395902935,0.63435820424723,0.376376264491228,0.865249595054324
"cfg5_psi-0.1_mu-0.4_sps0.06","sps0.06_K12_exV0.3",0.06,12,0.3,-0.1,-0.4,0.8,"bias-dominated",0.712707202751099,0.615109665935981,0.802071612844429,0.707093679839332,0.50418157983171,0.889953215506579
"cfg5_psi-0.15_mu-0.05_sps0.06","sps0.06_K12_exV0.3",0.06,12,0.3,-0.15,-0.05,0.25,"effect-dominated",0.074138451771954,0.0110468753513536,0.289315927380539,0.159019653423932,0.0104321139154162,0.545790954617841
"cfg5_psi-0.15_mu-0.1_sps0.06","sps0.06_K12_exV0.3",0.06,12,0.3,-0.15,-0.1,0.4,"mixed",0.209364516493471,0.0497912819200269,0.40179811540438,0.216400820335721,0.0135291610858722,0.619967824072613
"cfg5_psi-0.15_mu-0.15_sps0.06","sps0.06_K12_exV0.3",0.06,12,0.3,-0.15,-0.15,0.5,"mixed",0.350943218701408,0.18243949701444,0.513052010537604,0.347687297374942,0.0475334173778274,0.689578441353844
"cfg5_psi-0.15_mu-0.2_sps0.06","sps0.06_K12_exV0.3",0.06,12,0.3,-0.15,-0.2,0.571428571428572,"bias-dominated",0.444257788800896,0.301730351147633,0.578811083599839,0.440050292893599,0.144869591656751,0.726785462804965
"cfg5_psi-0.15_mu-0.3_sps0.06","sps0.06_K12_exV0.3",0.06,12,0.3,-0.15,-0.3,0.666666666666667,"bias-dominated",0.566133967828672,0.457236516754555,0.67103105148994,0.563408529862488,0.33383939018663,0.786594802436024
"cfg5_psi-0.15_mu-0.4_sps0.06","sps0.06_K12_exV0.3",0.06,12,0.3,-0.15,-0.4,0.727272727272727,"bias-dominated",0.647121662420076,0.557225545907045,0.730161914373639,0.642680521274937,0.456570408568684,0.823737468118074
"cfg5_psi-0.2_mu-0.05_sps0.06","sps0.06_K12_exV0.3",0.06,12,0.3,-0.2,-0.05,0.2,"effect-dominated",0.0591207065685948,0.00851439400168931,0.227525583829656,0.129164668216144,0.0078466124422681,0.435924805871097
"cfg5_psi-0.2_mu-0.1_sps0.06","sps0.06_K12_exV0.3",0.06,12,0.3,-0.2,-0.1,0.333333333333333,"mixed",0.172596116370297,0.0422862142746551,0.332520385246351,0.179290490396908,0.011252830409798,0.521499428004167
"cfg5_psi-0.2_mu-0.15_sps0.06","sps0.06_K12_exV0.3",0.06,12,0.3,-0.2,-0.15,0.428571428571428,"mixed",0.299228569226648,0.157512322159809,0.435142034105518,0.295971350149171,0.0408153366949441,0.592552897805239
"cfg5_psi-0.2_mu-0.2_sps0.06","sps0.06_K12_exV0.3",0.06,12,0.3,-0.2,-0.2,0.5,"mixed",0.382698215029979,0.258512327336303,0.499962405651218,0.378815890628242,0.123483867428633,0.635314017439614
"cfg5_psi-0.2_mu-0.3_sps0.06","sps0.06_K12_exV0.3",0.06,12,0.3,-0.2,-0.3,0.6,"bias-dominated",0.508236314951074,0.410122567427082,0.602109996300176,0.505107686100304,0.298445250496928,0.710313396282655
"cfg5_psi-0.2_mu-0.4_sps0.06","sps0.06_K12_exV0.3",0.06,12,0.3,-0.2,-0.4,0.666666666666667,"bias-dominated",0.593217964235926,0.51114517164503,0.670528574332741,0.589572799142077,0.418026525848535,0.760421200836777
"cfg5_psi-0.3_mu-0.05_sps0.06","sps0.06_K12_exV0.3",0.06,12,0.3,-0.3,-0.05,0.142857142857143,"effect-dominated",0.041594449858532,0.00589134995803003,0.163103959920632,0.0943444963706809,0.00543263630531175,0.305944913380795
"cfg5_psi-0.3_mu-0.1_sps0.06","sps0.06_K12_exV0.3",0.06,12,0.3,-0.3,-0.1,0.25,"effect-dominated",0.129158185971991,0.0311883571663729,0.246858501516847,0.134804361810401,0.00845644981601594,0.385391880152421
"cfg5_psi-0.3_mu-0.15_sps0.06","sps0.06_K12_exV0.3",0.06,12,0.3,-0.3,-0.15,0.333333333333333,"mixed",0.231207555083394,0.121458980034134,0.335892465131819,0.228319189508231,0.0313742264455419,0.458278191640205
"cfg5_psi-0.3_mu-0.2_sps0.06","sps0.06_K12_exV0.3",0.06,12,0.3,-0.3,-0.2,0.4,"mixed",0.305119927043036,0.207055067110695,0.397271608900854,0.301833283011283,0.0994319980846419,0.506577552511573
"cfg5_psi-0.3_mu-0.3_sps0.06","sps0.06_K12_exV0.3",0.06,12,0.3,-0.3,-0.3,0.5,"mixed",0.421275401957564,0.340157617355462,0.498664257519243,0.419140175663121,0.247774404810454,0.589465560849443
"cfg5_psi-0.3_mu-0.4_sps0.06","sps0.06_K12_exV0.3",0.06,12,0.3,-0.3,-0.4,0.571428571428572,"bias-dominated",0.506149262726935,0.436659851357951,0.572466971539526,0.503461276684127,0.357609095753769,0.650161253814379
"cfg5_psi-0.4_mu-0.05_sps0.06","sps0.06_K12_exV0.3",0.06,12,0.3,-0.4,-0.05,0.111111111111111,"effect-dominated",0.0311870530987767,0.00434765107804365,0.126436455124927,0.0736089589831415,0.00420520097413823,0.236223026986549
"cfg5_psi-0.4_mu-0.1_sps0.06","sps0.06_K12_exV0.3",0.06,12,0.3,-0.4,-0.1,0.2,"effect-dominated",0.102674434838689,0.024805904201696,0.196615308140886,0.107589785808307,0.00657502288164137,0.306084196022127
"cfg5_psi-0.4_mu-0.15_sps0.06","sps0.06_K12_exV0.3",0.06,12,0.3,-0.4,-0.15,0.272727272727273,"effect-dominated",0.186718051243508,0.0982269406573304,0.270493755435383,0.18439206140152,0.0255855579849256,0.370498782139589
"cfg5_psi-0.4_mu-0.2_sps0.06","sps0.06_K12_exV0.3",0.06,12,0.3,-0.4,-0.2,0.333333333333333,"mixed",0.252867986133965,0.171919355167017,0.329322860557836,0.250302766295964,0.0820923897834303,0.420356829060176
"cfg5_psi-0.4_mu-0.3_sps0.06","sps0.06_K12_exV0.3",0.06,12,0.3,-0.4,-0.3,0.428571428571428,"mixed",0.358654421807091,0.289883327168534,0.424412664002479,0.357697476987637,0.21146038185667,0.502849798556655
"cfg5_psi-0.4_mu-0.4_sps0.06","sps0.06_K12_exV0.3",0.06,12,0.3,-0.4,-0.4,0.5,"mixed",0.441045438064354,0.381325647224059,0.498732875747999,0.439432376478022,0.311849322550034,0.567221086521798
"cfg6_psi0_mu-0.05_sps0.1","sps0.1_K12_exV0.3",0.1,12,0.3,0,-0.05,1,"bias-dominated",0.192396864047708,0.0435356777394218,0.571020111706971,0.297620937503641,0.0458041466047972,0.798399096530242
"cfg6_psi0_mu-0.1_sps0.1","sps0.1_K12_exV0.3",0.1,12,0.3,0,-0.1,1,"bias-dominated",0.446062149418176,0.139020834514728,0.682960042626073,0.42253879716969,0.0563207049792267,0.832317143719913
"cfg6_psi0_mu-0.15_sps0.1","sps0.1_K12_exV0.3",0.1,12,0.3,0,-0.15,1,"bias-dominated",0.59213676900805,0.362792512025964,0.768157764717907,0.561663817041336,0.122619511330301,0.871262614882836
"cfg6_psi0_mu-0.2_sps0.1","sps0.1_K12_exV0.3",0.1,12,0.3,0,-0.2,1,"bias-dominated",0.669811409538318,0.498581453849138,0.807013097863803,0.64577876872659,0.280358823637143,0.899779188120366
"cfg6_psi0_mu-0.3_sps0.1","sps0.1_K12_exV0.3",0.1,12,0.3,0,-0.3,1,"bias-dominated",0.758125628683277,0.635075632897053,0.859586009485719,0.74019918704083,0.495020548922005,0.928384149131355
"cfg6_psi0_mu-0.4_sps0.1","sps0.1_K12_exV0.3",0.1,12,0.3,0,-0.4,1,"bias-dominated",0.80430024548908,0.709374766482934,0.883121778105851,0.791268814621104,0.600312147287039,0.939554241633692
"cfg6_psi-0.05_mu-0.05_sps0.1","sps0.1_K12_exV0.3",0.1,12,0.3,-0.05,-0.05,0.5,"mixed",0.160771811596049,0.0360502979527937,0.51430542308311,0.265712953962068,0.0372959942436926,0.742897251725162
"cfg6_psi-0.05_mu-0.1_sps0.1","sps0.1_K12_exV0.3",0.1,12,0.3,-0.05,-0.1,0.666666666666667,"bias-dominated",0.377682157235738,0.109035512598695,0.625942891303618,0.363633286980062,0.0385905396854926,0.796162821882739
"cfg6_psi-0.05_mu-0.15_sps0.1","sps0.1_K12_exV0.3",0.1,12,0.3,-0.05,-0.15,0.75,"bias-dominated",0.538162491883385,0.309601984066681,0.719956050560621,0.515086006280159,0.0905792900301254,0.8469667963011
"cfg6_psi-0.05_mu-0.2_sps0.1","sps0.1_K12_exV0.3",0.1,12,0.3,-0.05,-0.2,0.8,"bias-dominated",0.609389622440343,0.43482819902364,0.756840082773668,0.593694859819278,0.225946756752032,0.868451828255657
"cfg6_psi-0.05_mu-0.3_sps0.1","sps0.1_K12_exV0.3",0.1,12,0.3,-0.05,-0.3,0.857142857142857,"bias-dominated",0.707941519715091,0.581976876226561,0.815605310787776,0.696051030324641,0.442580744456674,0.897228987161539
"cfg6_psi-0.05_mu-0.4_sps0.1","sps0.1_K12_exV0.3",0.1,12,0.3,-0.05,-0.4,0.888888888888889,"bias-dominated",0.768758142566993,0.672057003532217,0.851428797921243,0.758210951068241,0.560374353890485,0.917148073240701
"cfg6_psi-0.1_mu-0.05_sps0.1","sps0.1_K12_exV0.3",0.1,12,0.3,-0.1,-0.05,0.333333333333333,"mixed",0.138833734148199,0.0292657654236959,0.425118537794312,0.224236174886406,0.027744830272434,0.660739475750096
"cfg6_psi-0.1_mu-0.1_sps0.1","sps0.1_K12_exV0.3",0.1,12,0.3,-0.1,-0.1,0.5,"mixed",0.297573191432169,0.0792517582910736,0.528114617409786,0.296510236013217,0.0252938061781446,0.721981717130305
"cfg6_psi-0.1_mu-0.15_sps0.1","sps0.1_K12_exV0.3",0.1,12,0.3,-0.1,-0.15,0.6,"bias-dominated",0.455703266281981,0.248689954705458,0.632467077020187,0.441812794366233,0.0690314950165909,0.779415171611109
"cfg6_psi-0.1_mu-0.2_sps0.1","sps0.1_K12_exV0.3",0.1,12,0.3,-0.1,-0.2,0.666666666666667,"bias-dominated",0.536539431089497,0.373666439179111,0.680834775222552,0.525972924110771,0.185111861369297,0.805217728441908
"cfg6_psi-0.1_mu-0.3_sps0.1","sps0.1_K12_exV0.3",0.1,12,0.3,-0.1,-0.3,0.75,"bias-dominated",0.646648304168437,0.524585468076753,0.75356605080049,0.638873920902614,0.38916011057591,0.848496685392572
"cfg6_psi-0.1_mu-0.4_sps0.1","sps0.1_K12_exV0.3",0.1,12,0.3,-0.1,-0.4,0.8,"bias-dominated",0.714102529045665,0.619464674797726,0.798135003725583,0.70648358197477,0.512271019096864,0.874659833118642
"cfg6_psi-0.15_mu-0.05_sps0.1","sps0.1_K12_exV0.3",0.1,12,0.3,-0.15,-0.05,0.25,"effect-dominated",0.0948479908783876,0.0165584987934802,0.335064688801964,0.178595745546437,0.0164322471119918,0.5651599723156
"cfg6_psi-0.15_mu-0.1_sps0.1","sps0.1_K12_exV0.3",0.1,12,0.3,-0.15,-0.1,0.4,"mixed",0.232739547600928,0.0590779179525659,0.432186836276553,0.236807082752142,0.0179997554941744,0.629737053756694
"cfg6_psi-0.15_mu-0.15_sps0.1","sps0.1_K12_exV0.3",0.1,12,0.3,-0.15,-0.15,0.5,"mixed",0.376649636621823,0.19956087524079,0.538993725899533,0.369270030604049,0.0526304526400119,0.694180141186596
"cfg6_psi-0.15_mu-0.2_sps0.1","sps0.1_K12_exV0.3",0.1,12,0.3,-0.15,-0.2,0.571428571428572,"bias-dominated",0.462476503842682,0.317817847830432,0.594525930790192,0.455612857940048,0.155598537717515,0.726262804107713
"cfg6_psi-0.15_mu-0.3_sps0.1","sps0.1_K12_exV0.3",0.1,12,0.3,-0.15,-0.3,0.666666666666667,"bias-dominated",0.58090855192153,0.470243842008387,0.683334759422969,0.575793395345102,0.344890851148629,0.785830488459952
"cfg6_psi-0.15_mu-0.4_sps0.1","sps0.1_K12_exV0.3",0.1,12,0.3,-0.15,-0.4,0.727272727272727,"bias-dominated",0.656001075207045,0.565979489008091,0.736281442729085,0.649994481417263,0.465211415102629,0.821044096942147
"cfg6_psi-0.2_mu-0.05_sps0.1","sps0.1_K12_exV0.3",0.1,12,0.3,-0.2,-0.05,0.2,"effect-dominated",0.0702691627073083,0.0113934844722866,0.259918874219193,0.143243268961127,0.0106717511319178,0.469993532979476
"cfg6_psi-0.2_mu-0.1_sps0.1","sps0.1_K12_exV0.3",0.1,12,0.3,-0.2,-0.1,0.333333333333333,"mixed",0.190127510196232,0.0470756250375587,0.360122625138516,0.195380792346903,0.0124071433580258,0.546200170785214
"cfg6_psi-0.2_mu-0.15_sps0.1","sps0.1_K12_exV0.3",0.1,12,0.3,-0.2,-0.15,0.428571428571428,"mixed",0.319593687891799,0.169330606194955,0.459072188760706,0.314423377221681,0.0442609172653055,0.612023584347071
"cfg6_psi-0.2_mu-0.2_sps0.1","sps0.1_K12_exV0.3",0.1,12,0.3,-0.2,-0.2,0.5,"mixed",0.398732865551875,0.269575192925127,0.518088852218078,0.393605285781489,0.129354237545482,0.64639187413591
"cfg6_psi-0.2_mu-0.3_sps0.1","sps0.1_K12_exV0.3",0.1,12,0.3,-0.2,-0.3,0.6,"bias-dominated",0.52190098557505,0.421255252057966,0.617180066692112,0.518222944625573,0.306721240571346,0.720528919919744
"cfg6_psi-0.2_mu-0.4_sps0.1","sps0.1_K12_exV0.3",0.1,12,0.3,-0.2,-0.4,0.666666666666667,"bias-dominated",0.604391942991347,0.521348255308211,0.681663340190114,0.600019312869781,0.426846529452847,0.766643357757181
"cfg6_psi-0.3_mu-0.05_sps0.1","sps0.1_K12_exV0.3",0.1,12,0.3,-0.3,-0.05,0.142857142857143,"effect-dominated",0.0454470162263941,0.00647313388650838,0.175514393153923,0.1002186660848,0.00591746568677297,0.328910440015476
"cfg6_psi-0.3_mu-0.1_sps0.1","sps0.1_K12_exV0.3",0.1,12,0.3,-0.3,-0.1,0.25,"effect-dominated",0.136056360800704,0.0331000626243224,0.259399238682902,0.141440962115017,0.00887272761953559,0.402363440744605
"cfg6_psi-0.3_mu-0.15_sps0.1","sps0.1_K12_exV0.3",0.1,12,0.3,-0.3,-0.15,0.333333333333333,"mixed",0.242146192044611,0.127191085720604,0.351683740568871,0.239020348489643,0.032778171480268,0.477677175858258
"cfg6_psi-0.3_mu-0.2_sps0.1","sps0.1_K12_exV0.3",0.1,12,0.3,-0.3,-0.2,0.4,"mixed",0.313047901859988,0.212434889516803,0.407522075982879,0.309681680157028,0.102096341816622,0.518862187820009
"cfg6_psi-0.3_mu-0.3_sps0.1","sps0.1_K12_exV0.3",0.1,12,0.3,-0.3,-0.3,0.5,"mixed",0.429265529615005,0.346588830440164,0.50803466855741,0.427106314068123,0.252485691992455,0.600177839918022
"cfg6_psi-0.3_mu-0.4_sps0.1","sps0.1_K12_exV0.3",0.1,12,0.3,-0.3,-0.4,0.571428571428572,"bias-dominated",0.513996727738027,0.443452312812705,0.581372903625354,0.511280271596969,0.363107100831095,0.659843584578818
"cfg6_psi-0.4_mu-0.05_sps0.1","sps0.1_K12_exV0.3",0.1,12,0.3,-0.4,-0.05,0.111111111111111,"effect-dominated",0.0324344876961893,0.00451781072458588,0.130909372534327,0.0760159381652155,0.0043744788438762,0.245169910579888
"cfg6_psi-0.4_mu-0.1_sps0.1","sps0.1_K12_exV0.3",0.1,12,0.3,-0.4,-0.1,0.2,"effect-dominated",0.106040887478255,0.0257058712983777,0.202799632637366,0.110859155999649,0.00677406870611456,0.315666005198056
"cfg6_psi-0.4_mu-0.15_sps0.1","sps0.1_K12_exV0.3",0.1,12,0.3,-0.4,-0.15,0.272727272727273,"effect-dominated",0.191867402536534,0.100922868009588,0.277966166397912,0.18938873945838,0.0263182040244523,0.38034372572946
"cfg6_psi-0.4_mu-0.2_sps0.1","sps0.1_K12_exV0.3",0.1,12,0.3,-0.4,-0.2,0.333333333333333,"mixed",0.256999419976294,0.17471217607225,0.334649960857041,0.254397770070397,0.0834629303084471,0.427096185111691
"cfg6_psi-0.4_mu-0.3_sps0.1","sps0.1_K12_exV0.3",0.1,12,0.3,-0.4,-0.3,0.428571428571428,"mixed",0.363316240993345,0.29359926320281,0.429992822722074,0.36234685239051,0.214131945201354,0.509462675946912
"cfg6_psi-0.4_mu-0.4_sps0.1","sps0.1_K12_exV0.3",0.1,12,0.3,-0.4,-0.4,0.5,"mixed",0.446293885278001,0.385921781506044,0.504689090809605,0.444692568671119,0.315586562178743,0.573888959566911
"cfg7_psi0_mu-0.05_sps0.06","sps0.06_K25_exV0.3",0.06,25,0.3,0,-0.05,1,"bias-dominated",0.209161515077876,0.0427973268274493,0.610714959596466,0.295394204331036,0.0405983783149883,0.790302698622719
"cfg7_psi0_mu-0.1_sps0.06","sps0.06_K25_exV0.3",0.06,25,0.3,0,-0.1,1,"bias-dominated",0.514637536505269,0.232734069589586,0.728796004116672,0.488035342261381,0.0769176340883453,0.83678128474808
"cfg7_psi0_mu-0.15_sps0.06","sps0.06_K25_exV0.3",0.06,25,0.3,0,-0.15,1,"bias-dominated",0.654424117434692,0.468059170276781,0.808404576259724,0.636063454049794,0.29574311373444,0.890798362567661
"cfg7_psi0_mu-0.2_sps0.06","sps0.06_K25_exV0.3",0.06,25,0.3,0,-0.2,1,"bias-dominated",0.736650406415866,0.593577020911503,0.853952395402796,0.7218927798917,0.470767684987782,0.916718648163477
"cfg7_psi0_mu-0.3_sps0.06","sps0.06_K25_exV0.3",0.06,25,0.3,0,-0.3,1,"bias-dominated",0.812526201535255,0.713207677698341,0.895497439193717,0.803010520414517,0.631075648849896,0.939711098953719
"cfg7_psi0_mu-0.4_sps0.06","sps0.06_K25_exV0.3",0.06,25,0.3,0,-0.4,1,"bias-dominated",0.860369316555196,0.784987205604528,0.92163267545211,0.851775829864121,0.720548824694854,0.955059797467631
"cfg7_psi-0.05_mu-0.05_sps0.06","sps0.06_K25_exV0.3",0.06,25,0.3,-0.05,-0.05,0.5,"mixed",0.132831870337284,0.0250035789052348,0.441285897673601,0.214414708763825,0.0231188507110796,0.649190444349706
"cfg7_psi-0.05_mu-0.1_sps0.06","sps0.06_K25_exV0.3",0.06,25,0.3,-0.05,-0.1,0.666666666666667,"bias-dominated",0.405567201277565,0.167829369914926,0.616497426887502,0.392592723111682,0.044638016871587,0.746347182738987
"cfg7_psi-0.05_mu-0.15_sps0.06","sps0.06_K25_exV0.3",0.06,25,0.3,-0.05,-0.15,0.75,"bias-dominated",0.549480351941912,0.377833203429964,0.70224914535745,0.540147999390985,0.225722919326368,0.80525959652861
"cfg7_psi-0.05_mu-0.2_sps0.06","sps0.06_K25_exV0.3",0.06,25,0.3,-0.05,-0.2,0.8,"bias-dominated",0.634860929458834,0.499365385285803,0.757461184618271,0.627979228659018,0.383881829243622,0.838334952309419
"cfg7_psi-0.05_mu-0.3_sps0.06","sps0.06_K25_exV0.3",0.06,25,0.3,-0.05,-0.3,0.857142857142857,"bias-dominated",0.730299330019641,0.63500611223469,0.816670422521366,0.725555427752787,0.554497115970821,0.87614994357823
"cfg7_psi-0.05_mu-0.4_sps0.06","sps0.06_K25_exV0.3",0.06,25,0.3,-0.05,-0.4,0.888888888888889,"bias-dominated",0.78990496177374,0.717242997473464,0.857832040914288,0.786285514891921,0.653758500495472,0.903719171940806
"cfg7_psi-0.1_mu-0.05_sps0.06","sps0.06_K25_exV0.3",0.06,25,0.3,-0.1,-0.05,0.333333333333333,"mixed",0.0819200817371991,0.0130898978866817,0.301221034113394,0.148064225417515,0.0111939739027139,0.476239211121945
"cfg7_psi-0.1_mu-0.1_sps0.06","sps0.06_K25_exV0.3",0.06,25,0.3,-0.1,-0.1,0.5,"mixed",0.294243045043325,0.1169181273225,0.469738568609034,0.290843876655071,0.030837627103908,0.605438287895771
"cfg7_psi-0.1_mu-0.15_sps0.06","sps0.06_K25_exV0.3",0.06,25,0.3,-0.1,-0.15,0.6,"bias-dominated",0.43890150227033,0.296605764686485,0.575690265157791,0.435834898673156,0.175382229926744,0.683398296814759
"cfg7_psi-0.1_mu-0.2_sps0.06","sps0.06_K25_exV0.3",0.06,25,0.3,-0.1,-0.2,0.666666666666667,"bias-dominated",0.526411553285203,0.41153212263969,0.63817518857714,0.523080741781901,0.31341776923832,0.724957462325784
"cfg7_psi-0.1_mu-0.3_sps0.06","sps0.06_K25_exV0.3",0.06,25,0.3,-0.1,-0.3,0.75,"bias-dominated",0.642855662678064,0.557767339474742,0.726447282173756,0.64105184263587,0.484800904141855,0.791299448306944
"cfg7_psi-0.1_mu-0.4_sps0.06","sps0.06_K25_exV0.3",0.06,25,0.3,-0.1,-0.4,0.8,"bias-dominated",0.715320930464225,0.648223591205925,0.780972327674431,0.713245943003186,0.59045162451259,0.832416159757122
"cfg7_psi-0.15_mu-0.05_sps0.06","sps0.06_K25_exV0.3",0.06,25,0.3,-0.15,-0.05,0.25,"effect-dominated",0.054364967863426,0.00809679913023532,0.22023114978389,0.109325962835297,0.0066213077089151,0.353744390533786
"cfg7_psi-0.15_mu-0.1_sps0.06","sps0.06_K25_exV0.3",0.06,25,0.3,-0.15,-0.1,0.4,"mixed",0.226283492566744,0.0879430106575416,0.36552068810681,0.223663724726955,0.023273488362401,0.482275106351713
"cfg7_psi-0.15_mu-0.15_sps0.06","sps0.06_K25_exV0.3",0.06,25,0.3,-0.15,-0.15,0.5,"mixed",0.357637920150976,0.239894564521254,0.473684694798448,0.356185039162463,0.142042579468458,0.569385118680454
"cfg7_psi-0.15_mu-0.2_sps0.06","sps0.06_K25_exV0.3",0.06,25,0.3,-0.15,-0.2,0.571428571428572,"bias-dominated",0.448612453148243,0.34975382326047,0.545949396200994,0.446775552853025,0.267099749417488,0.625781760799478
"cfg7_psi-0.15_mu-0.3_sps0.06","sps0.06_K25_exV0.3",0.06,25,0.3,-0.15,-0.3,0.666666666666667,"bias-dominated",0.566957138627791,0.492858380394037,0.640894021947283,0.565537182153251,0.427617342399231,0.703191748605906
"cfg7_psi-0.15_mu-0.4_sps0.06","sps0.06_K25_exV0.3",0.06,25,0.3,-0.15,-0.4,0.727272727272727,"bias-dominated",0.653542945604886,0.591881470264538,0.714341102332274,0.651532134393459,0.538404714397868,0.763721164562938
"cfg7_psi-0.2_mu-0.05_sps0.06","sps0.06_K25_exV0.3",0.06,25,0.3,-0.2,-0.05,0.2,"effect-dominated",0.0414778736502288,0.00592474053265624,0.171522978314287,0.086701186735282,0.00491427180312035,0.276608835874065
"cfg7_psi-0.2_mu-0.1_sps0.06","sps0.06_K25_exV0.3",0.06,25,0.3,-0.2,-0.1,0.333333333333333,"mixed",0.186641492320825,0.0728444746878701,0.302159042272892,0.184335370756937,0.0189953345098359,0.398727377926584
"cfg7_psi-0.2_mu-0.15_sps0.06","sps0.06_K25_exV0.3",0.06,25,0.3,-0.2,-0.15,0.428571428571428,"mixed",0.302808059401482,0.203204498911193,0.400873562802997,0.301507578623851,0.121142932541122,0.481887980713642
"cfg7_psi-0.2_mu-0.2_sps0.06","sps0.06_K25_exV0.3",0.06,25,0.3,-0.2,-0.2,0.5,"mixed",0.390680566122434,0.304723847560645,0.476142433175255,0.389117564355709,0.232452589528874,0.546406130538617
"cfg7_psi-0.2_mu-0.3_sps0.06","sps0.06_K25_exV0.3",0.06,25,0.3,-0.2,-0.3,0.6,"bias-dominated",0.51005889527339,0.443726647725866,0.57628715555735,0.509122183641165,0.384746090033037,0.633592270193885
"cfg7_psi-0.2_mu-0.4_sps0.06","sps0.06_K25_exV0.3",0.06,25,0.3,-0.2,-0.4,0.666666666666667,"bias-dominated",0.595058826978671,0.538508846170524,0.651466123626645,0.593547064246583,0.490104330487474,0.697169002511878
"cfg7_psi-0.3_mu-0.05_sps0.06","sps0.06_K25_exV0.3",0.06,25,0.3,-0.3,-0.05,0.142857142857143,"effect-dominated",0.0291508961373332,0.00408527523341917,0.121290193423932,0.062023359704729,0.00342816071314763,0.195202441088306
"cfg7_psi-0.3_mu-0.1_sps0.06","sps0.06_K25_exV0.3",0.06,25,0.3,-0.3,-0.1,0.25,"effect-dominated",0.136370518695878,0.0534717794495276,0.220352230538021,0.13458124671729,0.013636456155273,0.290941506030964
"cfg7_psi-0.3_mu-0.15_sps0.06","sps0.06_K25_exV0.3",0.06,25,0.3,-0.3,-0.15,0.333333333333333,"mixed",0.232341174960879,0.15603350959313,0.307894804171842,0.231197270931944,0.0922059183333482,0.369827395171072
"cfg7_psi-0.3_mu-0.2_sps0.06","sps0.06_K25_exV0.3",0.06,25,0.3,-0.3,-0.2,0.4,"mixed",0.311284994723549,0.242665793122218,0.379047171309869,0.310083203212861,0.185364282554867,0.435234552830476
"cfg7_psi-0.3_mu-0.3_sps0.06","sps0.06_K25_exV0.3",0.06,25,0.3,-0.3,-0.3,0.5,"mixed",0.425059580367423,0.369330322463602,0.480593299681542,0.423947604652405,0.320249495553087,0.527459496791393
"cfg7_psi-0.3_mu-0.4_sps0.06","sps0.06_K25_exV0.3",0.06,25,0.3,-0.3,-0.4,0.571428571428572,"bias-dominated",0.508156271929087,0.460072224204681,0.556174710176804,0.506706135455852,0.41852344978217,0.595392674232853
"cfg7_psi-0.4_mu-0.05_sps0.06","sps0.06_K25_exV0.3",0.06,25,0.3,-0.4,-0.05,0.111111111111111,"effect-dominated",0.0225639657642421,0.00319200212926907,0.0944168689727374,0.0479375260764127,0.00264515963972932,0.150946307826634
"cfg7_psi-0.4_mu-0.1_sps0.06","sps0.06_K25_exV0.3",0.06,25,0.3,-0.4,-0.1,0.2,"effect-dominated",0.106988286835832,0.0420810802654021,0.173283360981908,0.105883612510962,0.0106442640131814,0.228861549562757
"cfg7_psi-0.4_mu-0.15_sps0.06","sps0.06_K25_exV0.3",0.06,25,0.3,-0.4,-0.15,0.272727272727273,"effect-dominated",0.189592392077751,0.127223859657869,0.250914959900585,0.188631057428874,0.0751012509847982,0.301415845990464
"cfg7_psi-0.4_mu-0.2_sps0.06","sps0.06_K25_exV0.3",0.06,25,0.3,-0.4,-0.2,0.333333333333333,"mixed",0.25716774291192,0.200753971000154,0.312953524020643,0.256449327686586,0.153045314212639,0.359883743680539
"cfg7_psi-0.4_mu-0.3_sps0.06","sps0.06_K25_exV0.3",0.06,25,0.3,-0.4,-0.3,0.428571428571428,"mixed",0.365333688220856,0.317195543428103,0.412865347996533,0.364337836884753,0.275364726704909,0.452733278425836
"cfg7_psi-0.4_mu-0.4_sps0.06","sps0.06_K25_exV0.3",0.06,25,0.3,-0.4,-0.4,0.5,"mixed",0.443425589088849,0.401661400896049,0.485294808315404,0.44226991010857,0.365098227133181,0.519746743530513
"cfg8_psi0_mu-0.05_sps0.1","sps0.1_K25_exV0.3",0.1,25,0.3,0,-0.05,1,"bias-dominated",0.171301666538072,0.0364285884952502,0.515395755232353,0.254363264375776,0.0336114107076221,0.693068384198838
"cfg8_psi0_mu-0.1_sps0.1","sps0.1_K25_exV0.3",0.1,25,0.3,0,-0.1,1,"bias-dominated",0.441906279878485,0.215200121080841,0.614932720975612,0.42237982347229,0.0815064108040534,0.719290479579727
"cfg8_psi0_mu-0.15_sps0.1","sps0.1_K25_exV0.3",0.1,25,0.3,0,-0.15,1,"bias-dominated",0.590078905899016,0.437651603453685,0.722509295614594,0.575718617399542,0.29537685682057,0.802562554384165
"cfg8_psi0_mu-0.2_sps0.1","sps0.1_K25_exV0.3",0.1,25,0.3,0,-0.2,1,"bias-dominated",0.672995944091237,0.55680677387671,0.779144566143079,0.662320059009409,0.458213720983422,0.84423002648537
"cfg8_psi0_mu-0.3_sps0.1","sps0.1_K25_exV0.3",0.1,25,0.3,0,-0.3,1,"bias-dominated",0.760100025247571,0.67394442779314,0.836978144144198,0.752944422013949,0.604316502337483,0.884970589634613
"cfg8_psi0_mu-0.4_sps0.1","sps0.1_K25_exV0.3",0.1,25,0.3,0,-0.4,1,"bias-dominated",0.815590885007846,0.749125492223144,0.875864367487892,0.809796430722955,0.693166182598001,0.912984382760849
"cfg8_psi-0.05_mu-0.05_sps0.1","sps0.1_K25_exV0.3",0.1,25,0.3,-0.05,-0.05,0.5,"mixed",0.1298566963322,0.024421727815794,0.435780629991977,0.210304321030397,0.0233346575669253,0.619040998046885
"cfg8_psi-0.05_mu-0.1_sps0.1","sps0.1_K25_exV0.3",0.1,25,0.3,-0.05,-0.1,0.666666666666667,"bias-dominated",0.39416364632092,0.182660264544179,0.572898875649745,0.379376291584919,0.061400548655259,0.683341952364316
"cfg8_psi-0.05_mu-0.15_sps0.1","sps0.1_K25_exV0.3",0.1,25,0.3,-0.05,-0.15,0.75,"bias-dominated",0.535497478127564,0.384957921781935,0.671926322008815,0.525486855517585,0.247666086651764,0.761646757022073
"cfg8_psi-0.05_mu-0.2_sps0.1","sps0.1_K25_exV0.3",0.1,25,0.3,-0.05,-0.2,0.8,"bias-dominated",0.622475518013518,0.500640198554418,0.731245722637584,0.613619351422505,0.397996546813097,0.801604719567167
"cfg8_psi-0.05_mu-0.3_sps0.1","sps0.1_K25_exV0.3",0.1,25,0.3,-0.05,-0.3,0.857142857142857,"bias-dominated",0.712967975605614,0.626180901053454,0.79354269402879,0.708018610799117,0.553652530908885,0.84772546703118
"cfg8_psi-0.05_mu-0.4_sps0.1","sps0.1_K25_exV0.3",0.1,25,0.3,-0.05,-0.4,0.888888888888889,"bias-dominated",0.775779709599411,0.707263089045501,0.837130751904337,0.770596535433296,0.648441420567245,0.878390956248938
"cfg8_psi-0.1_mu-0.05_sps0.1","sps0.1_K25_exV0.3",0.1,25,0.3,-0.1,-0.05,0.333333333333333,"mixed",0.0996729783812158,0.0195284866451059,0.333752835918073,0.166909933873768,0.0180665912029612,0.497767811411203
"cfg8_psi-0.1_mu-0.1_sps0.1","sps0.1_K25_exV0.3",0.1,25,0.3,-0.1,-0.1,0.5,"mixed",0.325641259368337,0.139567179915779,0.491648402085396,0.316077470494127,0.0437489890673231,0.606572828554623
"cfg8_psi-0.1_mu-0.15_sps0.1","sps0.1_K25_exV0.3",0.1,25,0.3,-0.1,-0.15,0.6,"bias-dominated",0.462747232220337,0.320563031483259,0.592816369451343,0.455757406785782,0.19637145878914,0.686498105244959
"cfg8_psi-0.1_mu-0.2_sps0.1","sps0.1_K25_exV0.3",0.1,25,0.3,-0.1,-0.2,0.666666666666667,"bias-dominated",0.541679718227645,0.42707985516942,0.647123984744307,0.535559965572252,0.330319127943905,0.722451932103879
"cfg8_psi-0.1_mu-0.3_sps0.1","sps0.1_K25_exV0.3",0.1,25,0.3,-0.1,-0.3,0.75,"bias-dominated",0.651735166913852,0.568489917257035,0.730519060440187,0.647989885345461,0.497468211568132,0.787117474491643
"cfg8_psi-0.1_mu-0.4_sps0.1","sps0.1_K25_exV0.3",0.1,25,0.3,-0.1,-0.4,0.8,"bias-dominated",0.718275386772895,0.652659412648061,0.780710381564552,0.715174181493566,0.596189045459681,0.82614011590333
"cfg8_psi-0.15_mu-0.05_sps0.1","sps0.1_K25_exV0.3",0.1,25,0.3,-0.15,-0.05,0.25,"effect-dominated",0.0686654018630429,0.0120683229197424,0.256736443479811,0.126172342368121,0.0101761136022801,0.395142824264048
"cfg8_psi-0.15_mu-0.1_sps0.1","sps0.1_K25_exV0.3",0.1,25,0.3,-0.15,-0.1,0.4,"mixed",0.257075437448249,0.102571843781027,0.402165395407734,0.251386380517905,0.0273392599922346,0.511807461984139
"cfg8_psi-0.15_mu-0.15_sps0.1","sps0.1_K25_exV0.3",0.1,25,0.3,-0.15,-0.15,0.5,"mixed",0.385192136796753,0.260772839455604,0.503359466239722,0.381781579279347,0.15611447038502,0.594216824154983
"cfg8_psi-0.15_mu-0.2_sps0.1","sps0.1_K25_exV0.3",0.1,25,0.3,-0.15,-0.2,0.571428571428572,"bias-dominated",0.468052707395918,0.36689954669306,0.565354440721867,0.464860569514591,0.282579592219011,0.639451846037149
"cfg8_psi-0.15_mu-0.3_sps0.1","sps0.1_K25_exV0.3",0.1,25,0.3,-0.15,-0.3,0.666666666666667,"bias-dominated",0.580791258799463,0.505590176124971,0.653618625336872,0.578140347648255,0.439310015341755,0.710987433946889
"cfg8_psi-0.15_mu-0.4_sps0.1","sps0.1_K25_exV0.3",0.1,25,0.3,-0.15,-0.4,0.727272727272727,"bias-dominated",0.663752781586464,0.601988386618461,0.723734292384649,0.661246715528577,0.548520333217696,0.769996706337728
"cfg8_psi-0.2_mu-0.05_sps0.1","sps0.1_K25_exV0.3",0.1,25,0.3,-0.2,-0.05,0.2,"effect-dominated",0.0515084367781789,0.00760160039789823,0.199944408910816,0.0991127779375497,0.00638982120440776,0.313151456347279
"cfg8_psi-0.2_mu-0.1_sps0.1","sps0.1_K25_exV0.3",0.1,25,0.3,-0.2,-0.1,0.333333333333333,"mixed",0.205789392639928,0.081952740353971,0.329013221298676,0.202542352248391,0.0217821611546424,0.428729450274168
"cfg8_psi-0.2_mu-0.15_sps0.1","sps0.1_K25_exV0.3",0.1,25,0.3,-0.2,-0.15,0.428571428571428,"mixed",0.323483628082042,0.217185789510369,0.425362132416606,0.321336684578986,0.129985683769093,0.507620706210425
"cfg8_psi-0.2_mu-0.2_sps0.1","sps0.1_K25_exV0.3",0.1,25,0.3,-0.2,-0.2,0.5,"mixed",0.409623562851329,0.319837134914183,0.497246591541367,0.407310499394839,0.244314764669107,0.566325553876239
"cfg8_psi-0.2_mu-0.3_sps0.1","sps0.1_K25_exV0.3",0.1,25,0.3,-0.2,-0.3,0.6,"bias-dominated",0.523478291882269,0.45552304824971,0.590521448832526,0.522154163621245,0.395247556141822,0.646918802924174
"cfg8_psi-0.2_mu-0.4_sps0.1","sps0.1_K25_exV0.3",0.1,25,0.3,-0.2,-0.4,0.666666666666667,"bias-dominated",0.605770678724947,0.548535349703601,0.662447863153402,0.60389029839977,0.499338154612807,0.707059455855358
"cfg8_psi-0.3_mu-0.05_sps0.1","sps0.1_K25_exV0.3",0.1,25,0.3,-0.3,-0.05,0.142857142857143,"effect-dominated",0.0313965512644191,0.0044318102023343,0.130848441259513,0.0664149994537362,0.00370733636009239,0.211010955397774
"cfg8_psi-0.3_mu-0.1_sps0.1","sps0.1_K25_exV0.3",0.1,25,0.3,-0.3,-0.1,0.25,"effect-dominated",0.142958893889608,0.0559589813632278,0.231073803809526,0.141083034405428,0.0142463675448615,0.3048135525878
"cfg8_psi-0.3_mu-0.15_sps0.1","sps0.1_K25_exV0.3",0.1,25,0.3,-0.3,-0.15,0.333333333333333,"mixed",0.241381798563702,0.162013126488774,0.319879856155423,0.240140051140058,0.0956575587445551,0.3839537817541
"cfg8_psi-0.3_mu-0.2_sps0.1","sps0.1_K25_exV0.3",0.1,25,0.3,-0.3,-0.2,0.4,"mixed",0.323134088864373,0.25195690400207,0.393121851597816,0.321761452657573,0.192509659949997,0.450481418432196
"cfg8_psi-0.3_mu-0.3_sps0.1","sps0.1_K25_exV0.3",0.1,25,0.3,-0.3,-0.3,0.5,"mixed",0.433429778061311,0.376560040854213,0.490084574728507,0.432305068509286,0.326537102075531,0.53783933077774
"cfg8_psi-0.3_mu-0.4_sps0.1","sps0.1_K25_exV0.3",0.1,25,0.3,-0.3,-0.4,0.571428571428572,"bias-dominated",0.515894055326603,0.467080015410854,0.56462054002053,0.514378465442048,0.424844105529292,0.604159442379954
"cfg8_psi-0.4_mu-0.05_sps0.1","sps0.1_K25_exV0.3",0.1,25,0.3,-0.4,-0.05,0.111111111111111,"effect-dominated",0.0234170147016493,0.0033186338278865,0.0978845905439234,0.0496536220501848,0.00275158596344488,0.156448117940305
"cfg8_psi-0.4_mu-0.1_sps0.1","sps0.1_K25_exV0.3",0.1,25,0.3,-0.4,-0.1,0.2,"effect-dominated",0.109682188517277,0.0430451937304207,0.177720299868338,0.108535981288028,0.0108699724679359,0.234687441827643
"cfg8_psi-0.4_mu-0.15_sps0.1","sps0.1_K25_exV0.3",0.1,25,0.3,-0.4,-0.15,0.272727272727273,"effect-dominated",0.194718638867684,0.130577913110274,0.257715323552889,0.193740958778667,0.0770864894176141,0.30956823770867
"cfg8_psi-0.4_mu-0.2_sps0.1","sps0.1_K25_exV0.3",0.1,25,0.3,-0.4,-0.2,0.333333333333333,"mixed",0.263170913073546,0.205416822206309,0.320184996547747,0.262430421028328,0.156650150259083,0.368266892306353
"cfg8_psi-0.4_mu-0.3_sps0.1","sps0.1_K25_exV0.3",0.1,25,0.3,-0.4,-0.3,0.428571428571428,"mixed",0.371515641212727,0.322545639583786,0.419866183981902,0.370510275142149,0.28003080126427,0.46039558503179
"cfg8_psi-0.4_mu-0.4_sps0.1","sps0.1_K25_exV0.3",0.1,25,0.3,-0.4,-0.4,0.5,"mixed",0.44832060384921,0.406089535719795,0.49067234359639,0.447155648636489,0.369119545164816,0.525471293187413
