psi_f,mu_f,bf_hat_bin,n,med,q1,q3,loa_lo,loa_hi
-0.01,-0.05,"[0.2, 0.3)",1011,-0.584036684150883,-0.608487953540792,-0.560885325547671,-0.631429208998447,-0.536655150640859
-0.01,-0.05,"[0.9, 1.0)",244,0.116027992631387,0.0957602089243431,0.140564529344923,0.0704976902650859,0.163068553675367
-0.01,-0.05,"[0.5, 0.6)",661,-0.288714225422892,-0.312792381676009,-0.26181464438121,-0.331397780053149,-0.235423302868354
-0.01,-0.05,"[0.8, 0.9)",330,0.0164490460143842,-0.00972083572274876,0.0389288570230584,-0.0295902965703245,0.0636219367659512
-0.01,-0.05,"[0.6, 0.7)",548,-0.18809061511347,-0.209584100121953,-0.162125775613064,-0.230680510704449,-0.135875718090439
-0.01,-0.05,"[0.7, 0.8)",418,-0.0851216409777388,-0.108950647058532,-0.0596329808758063,-0.12972146916241,-0.036376630441612
-0.01,-0.05,"[0.4, 0.5)",836,-0.385710847364113,-0.410222286564048,-0.359488869533599,-0.431071941119494,-0.335662955762495
-0.01,-0.05,"[0.3, 0.4)",968,-0.483612737887911,-0.508502888700857,-0.457905675460846,-0.531390243104015,-0.435821861671412
-0.01,-0.05,"[0.1, 0.2)",1267,-0.686816659040257,-0.709481080233233,-0.662533401650399,-0.730551233402492,-0.636902726237405
-0.01,-0.05,"[0.0, 0.1)",1717,-0.785402019890854,-0.807977744963785,-0.761862730030611,-0.830294658008545,-0.73633668399675
-0.01,-0.1,"[0.7, 0.8)",917,-0.159915694647337,-0.186501043507729,-0.13516027646889,-0.206603514328165,-0.112188397724509
-0.01,-0.1,"[0.2, 0.3)",798,-0.650847290816488,-0.677575273968146,-0.629553833434254,-0.705275073989034,-0.611064051083837
-0.01,-0.1,"[0.5, 0.6)",1213,-0.358049646693187,-0.384824914189249,-0.334511738450455,-0.406909083649759,-0.310842392215808
-0.01,-0.1,"[0.4, 0.5)",1186,-0.459026657509469,-0.484361836633857,-0.434379480843883,-0.50687896439905,-0.412484343996604
-0.01,-0.1,"[0.8, 0.9)",734,-0.0648610635614421,-0.0869840758690911,-0.0363442380538284,-0.107094748744602,-0.0114514374935722
-0.01,-0.1,"[0.9, 1.0)",618,0.041150602825733,0.0127478591974965,0.0632486817936306,-0.00637216479980836,0.0884937916202061
-0.01,-0.1,"[0.6, 0.7)",1104,-0.260781274894161,-0.284388457490055,-0.235705591314893,-0.306191392500881,-0.21159143644311
-0.01,-0.1,"[0.3, 0.4)",1046,-0.556350032254921,-0.57984020666366,-0.532666166491527,-0.605899691780312,-0.51165929400204
-0.01,-0.1,"[0.1, 0.2)",358,-0.740601048956579,-0.76659549965155,-0.723777694920298,-0.799284136363106,-0.710975349722514
-0.01,-0.15,"[0.6, 0.7)",1439,-0.287482120422881,-0.310055295216655,-0.263993626107124,-0.334823213143059,-0.239983811755852
-0.01,-0.15,"[0.8, 0.9)",1211,-0.0885653213448395,-0.11438349567285,-0.0643112157182291,-0.135208299613356,-0.0407140254868951
-0.01,-0.15,"[0.7, 0.8)",1419,-0.189378359639886,-0.213889903650269,-0.163900101794899,-0.234778760505861,-0.140469263573249
-0.01,-0.15,"[0.4, 0.5)",1010,-0.480774736652032,-0.50691200834399,-0.458913195167545,-0.535478769518149,-0.439557005322054
-0.01,-0.15,"[0.5, 0.6)",1279,-0.385661667242274,-0.410287546761868,-0.360148177902681,-0.434825943639413,-0.339257766847875
-0.01,-0.15,"[0.9, 1.0)",1000,0.013223565108578,-0.0135665007378064,0.0365509207755778,-0.0349877340873979,0.0601834912213527
-0.01,-0.2,"[0.7, 0.8)",1717,-0.201363832185108,-0.225263740528142,-0.174726312760907,-0.249842619853954,-0.154840748537709
-0.01,-0.2,"[0.8, 0.9)",1637,-0.102984653867604,-0.12730531044556,-0.0777609832060525,-0.149926398158699,-0.0552781422999215
-0.01,-0.2,"[0.9, 1.0)",1424,-0.00357500916911385,-0.0276204189625786,0.0216480398732218,-0.0499234867825012,0.0450397504657799
-0.01,-0.2,"[0.6, 0.7)",1450,-0.300419216552155,-0.326774830002326,-0.277183051821665,-0.349834820066459,-0.255017392807201
-0.01,-0.2,"[0.5, 0.6)",1128,-0.395335313430996,-0.422051177039252,-0.372640161660354,-0.449352534088293,-0.354456192491179
-0.01,-0.2,"[0.4, 0.5)",525,-0.490680630766524,-0.51641011250437,-0.470102596656307,-0.548406403375629,-0.453613499724875
-0.01,-0.3,"[0.8, 0.9)",2184,-0.117423870254615,-0.141522506132556,-0.0928572394944405,-0.164813563435079,-0.0702898370246062
-0.01,-0.3,"[0.7, 0.8)",1965,-0.213191870015116,-0.241261904663799,-0.191647664079939,-0.265125017248315,-0.170271700424231
-0.01,-0.3,"[0.9, 1.0)",2128,-0.0208197261581364,-0.0441297237669665,0.00425326312147328,-0.0651215620764723,0.0292245022386541
-0.01,-0.3,"[0.6, 0.7)",1177,-0.3093480922352,-0.333610985272855,-0.287603778540838,-0.364146665827751,-0.269784798310906
-0.01,-0.3,"[0.5, 0.6)",459,-0.40175280934972,-0.423558105071689,-0.383751650805965,-0.460879818687371,-0.36959796878063
-0.01,-0.4,"[0.8, 0.9)",2593,-0.122675169083593,-0.148420083635089,-0.0999864195456222,-0.17274738852283,-0.0785712721410806
-0.01,-0.4,"[0.9, 1.0)",2906,-0.0276355497603804,-0.0516643863573735,-0.00163131199216218,-0.0734394468272712,0.0215634802049692
-0.01,-0.4,"[0.7, 0.8)",1683,-0.217563916959068,-0.243093994297524,-0.194276507108487,-0.272067585019235,-0.177850158089929
-0.01,-0.4,"[0.6, 0.7)",685,-0.310159864931508,-0.333241804123918,-0.290217843280514,-0.371334170928292,-0.2778187271954
-0.05,-0.05,"[0.6, 0.7)",450,0.142679391621545,0.119148816217976,0.172771527900028,0.10183505537677,0.195629870198772
-0.05,-0.05,"[0.4, 0.5)",710,-0.0513832892770546,-0.0753131123650927,-0.0293034335134174,-0.0968878797671571,-0.00406178530005516
-0.05,-0.05,"[0.5, 0.6)",540,0.0473999417057995,0.0196581892661975,0.0691176675881568,0.00163375190345068,0.0961782911919783
-0.05,-0.05,"[0.3, 0.4)",971,-0.153590539114096,-0.178908517072257,-0.127073110208724,-0.198068545252748,-0.102979483192974
-0.05,-0.05,"[0.2, 0.3)",1055,-0.251326468892561,-0.276363112584953,-0.225320630689027,-0.297598063096845,-0.203249806111512
-0.05,-0.05,"[0.1, 0.2)",1267,-0.355718926656931,-0.380655298055274,-0.327394898054778,-0.39781147930112,-0.302404973045559
-0.05,-0.05,"[0.8, 0.9)",264,0.346283337643767,0.32306070254165,0.371312930869599,0.303563574038479,0.394118288354409
-0.05,-0.05,"[0.7, 0.8)",335,0.245874035249298,0.222883862980628,0.269271727076971,0.203501004089038,0.296271368901116
-0.05,-0.05,"[0.9, 1.0)",194,0.447371705969037,0.422993589379349,0.47065895059499,0.403023710164228,0.497905530246404
-0.05,-0.05,"[0.0, 0.1)",2214,-0.454383093687457,-0.477624471298568,-0.427576700844455,-0.496828857443615,-0.403080512954472
-0.05,-0.1,"[0.3, 0.4)",1270,-0.317911867724999,-0.341970424266064,-0.292813970295196,-0.363789250785344,-0.269597274202706
-0.05,-0.1,"[0.8, 0.9)",587,0.179011111452006,0.157191485015481,0.204627425033849,0.135323072089154,0.231328258295421
-0.05,-0.1,"[0.4, 0.5)",1230,-0.217358659428349,-0.242747074417133,-0.191301998020145,-0.264453699563015,-0.169159486427182
-0.05,-0.1,"[0.6, 0.7)",897,-0.0213119381870771,-0.0423655723667848,0.00683894060915813,-0.0643865340050988,0.0311433504622742
-0.05,-0.1,"[0.7, 0.8)",690,0.0796765312721463,0.0563450047333605,0.105946400777991,0.0359697568883623,0.130968190974684
-0.05,-0.1,"[0.5, 0.6)",1108,-0.121593230578719,-0.144826976643857,-0.0950702349286773,-0.163889602458608,-0.0701541424448576
-0.05,-0.1,"[0.9, 1.0)",461,0.277797644041039,0.254883317573979,0.304042330959574,0.235163815820608,0.330151149737069
-0.05,-0.1,"[0.2, 0.3)",1128,-0.414477877518072,-0.437692550162569,-0.390911705251477,-0.463887710346278,-0.369255271896123
-0.05,-0.1,"[0.1, 0.2)",553,-0.501432606306066,-0.524759147249611,-0.482667080787309,-0.559005017497088,-0.468309215853146
-0.05,-0.15,"[0.7, 0.8)",1149,-0.00417538317426946,-0.0289198491869505,0.0243725976564712,-0.0476398408728949,0.0478737691610816
-0.05,-0.15,"[0.4, 0.5)",1244,-0.298916865265806,-0.323460568206684,-0.274008804564768,-0.347824104265435,-0.252465222903543
-0.05,-0.15,"[0.8, 0.9)",956,0.09622705482209,0.0733255064829512,0.122946192533994,0.0523245551422603,0.147838833747845
-0.05,-0.15,"[0.9, 1.0)",760,0.196612398877461,0.172080444813912,0.225550214978093,0.15240602380331,0.248449077350477
-0.05,-0.15,"[0.5, 0.6)",1422,-0.197278364067068,-0.224167398932682,-0.173793019119177,-0.247366338467444,-0.151975926230786
-0.05,-0.15,"[0.6, 0.7)",1343,-0.101335587802036,-0.127468499769908,-0.0753483140486995,-0.147852097959944,-0.0527440953930969
-0.05,-0.15,"[0.3, 0.4)",839,-0.391767372097997,-0.417429692445085,-0.369788798888274,-0.445547247950006,-0.352686824380386
-0.05,-0.2,"[0.9, 1.0)",996,0.146607673036375,0.12490902048987,0.171338930667315,0.102033267906575,0.197536151489544
-0.05,-0.2,"[0.8, 0.9)",1264,0.0479633099313035,0.0240187589025852,0.0738259959542616,0.00298565589390641,0.0978689977887104
-0.05,-0.2,"[0.6, 0.7)",1609,-0.149440160183521,-0.172789657878796,-0.123839812662867,-0.197543408194357,-0.102324620557177
-0.05,-0.2,"[0.4, 0.5)",956,-0.337712737278404,-0.364088741390594,-0.318457308539179,-0.395411158266455,-0.301630242737741
-0.05,-0.2,"[0.7, 0.8)",1442,-0.0524123865578677,-0.0772514279673344,-0.0261835124904031,-0.0977692701873714,-0.0030302458875584
-0.05,-0.2,"[0.5, 0.6)",1446,-0.248780986276345,-0.273140059990261,-0.22371206611961,-0.297383746996431,-0.203022379908182
-0.05,-0.3,"[0.7, 0.8)",1918,-0.107205397519923,-0.130718156363715,-0.0818103720679341,-0.154889913498969,-0.0599615097902644
-0.05,-0.3,"[0.8, 0.9)",1832,-0.00980182066508462,-0.0330162934114615,0.0166182137489219,-0.0553844350402226,0.0399169951172158
-0.05,-0.3,"[0.9, 1.0)",1588,0.0883704301479855,0.0650019422124155,0.115507194050213,0.0451111579297041,0.139182178381922
-0.05,-0.3,"[0.6, 0.7)",1643,-0.203370630318128,-0.228348518946434,-0.180477201208994,-0.254224017992842,-0.159483852990923
-0.05,-0.3,"[0.5, 0.6)",825,-0.296234686703724,-0.321871627014753,-0.275806264502937,-0.353680183592947,-0.259224237297925
-0.05,-0.3,"[0.4, 0.5)",180,-0.38541088498142,-0.413543424321075,-0.367983170484314,-0.44350275222195,-0.358112536452638
-0.05,-0.4,"[0.9, 1.0)",2132,0.0594405155589357,0.0344667086602538,0.0842065588384441,0.0138864168030943,0.108495276014791
-0.05,-0.4,"[0.8, 0.9)",2414,-0.0408922207485367,-0.0650455688636308,-0.0151685016807447,-0.086845156226913,0.00777845800021558
-0.05,-0.4,"[0.7, 0.8)",2053,-0.136815735513103,-0.159829513335403,-0.112516621795798,-0.185468790920356,-0.0911349180629593
-0.05,-0.4,"[0.6, 0.7)",1140,-0.227589956556243,-0.252387224588016,-0.206911211364531,-0.284412055907845,-0.19078714279907
-0.1,-0.05,"[0.4, 0.5)",589,0.110182862546957,0.0858339994975351,0.138061992227314,0.0695309036777038,0.163762800168112
-0.1,-0.05,"[0.2, 0.3)",1293,-0.087775758634692,-0.11092492747083,-0.0605544688561739,-0.131045437863135,-0.0356356302581266
-0.1,-0.05,"[0.9, 1.0)",108,0.613106623353371,0.587264250419961,0.638628515433732,0.569237201018851,0.665276070538205
-0.1,-0.05,"[0.1, 0.2)",1461,-0.188896237043217,-0.212642085487121,-0.161988467215188,-0.230849986623038,-0.137002565548804
-0.1,-0.05,"[0.7, 0.8)",175,0.416723255969548,0.391048173635789,0.44111091875217,0.368295336738942,0.462348627480714
-0.1,-0.05,"[0.6, 0.7)",242,0.313574746711874,0.290462735302398,0.343744342269677,0.268871228617848,0.364542448878437
-0.1,-0.05,"[0.3, 0.4)",899,0.0101559493500685,-0.0115785292783873,0.035276992982842,-0.0319861815604321,0.0636839290127602
-0.1,-0.05,"[0.5, 0.6)",362,0.206892692932368,0.18674586162735,0.234403727425695,0.16967839150613,0.262156769471386
-0.1,-0.05,"[0.8, 0.9)",129,0.508141919489072,0.487595790637966,0.538359136003494,0.470434240389028,0.564835557025188
-0.1,-0.05,"[0.0, 0.1)",2742,-0.290758853152321,-0.31280196910868,-0.265721080836963,-0.330525083517161,-0.238029007307706
-0.1,-0.1,"[0.3, 0.4)",1512,-0.150108108172719,-0.177410244554623,-0.126569181980395,-0.198051421358139,-0.102978506911347
-0.1,-0.1,"[0.4, 0.5)",1206,-0.0538264210841101,-0.075260802277612,-0.0309694897959421,-0.096734990208061,-0.00279912560417461
-0.1,-0.1,"[0.5, 0.6)",917,0.0433145140983853,0.0200968539535209,0.0707229064966958,0.00190012350451788,0.0972191131343601
-0.1,-0.1,"[0.6, 0.7)",584,0.145625071591335,0.121078066313746,0.171136245576517,0.102159650054411,0.195857071086541
-0.1,-0.1,"[0.8, 0.9)",304,0.346376457583654,0.32287932991298,0.370284875718011,0.302904649759217,0.396995283753377
-0.1,-0.1,"[0.7, 0.8)",386,0.24321312798301,0.21806532272302,0.270492046620183,0.201769497654436,0.297830846559153
-0.1,-0.1,"[0.9, 1.0)",230,0.442611218706226,0.424249529356077,0.467633488104318,0.405462730686938,0.498414066008945
-0.1,-0.1,"[0.2, 0.3)",1637,-0.248865643640961,-0.274479647742796,-0.224287085863722,-0.297356504675642,-0.202388787831954
-0.1,-0.1,"[0.1, 0.2)",1070,-0.339238389742288,-0.362325790117109,-0.317786955043208,-0.395552798118172,-0.301542465206823
-0.1,-0.15,"[0.7, 0.8)",692,0.144870059388057,0.121726608759269,0.17153455956195,0.102125969725326,0.196106932042159
-0.1,-0.15,"[0.6, 0.7)",1088,0.0466928247483547,0.0221810011968759,0.0701939913538179,0.00213694660502584,0.0970642500770471
-0.1,-0.15,"[0.5, 0.6)",1465,-0.0545261857642599,-0.0781220680412611,-0.0287023752337596,-0.0973438044414343,-0.00401957927929714
-0.1,-0.15,"[0.4, 0.5)",1715,-0.147730065044304,-0.174694499530909,-0.123896977027071,-0.197457837482572,-0.102887671759409
-0.1,-0.15,"[0.9, 1.0)",385,0.347989331907472,0.32174860740728,0.372500041625062,0.302291417059263,0.397767684864447
-0.1,-0.15,"[0.3, 0.4)",1442,-0.245831362968237,-0.271766444860343,-0.22261157815656,-0.297703293593614,-0.202419581837626
-0.1,-0.15,"[0.8, 0.9)",506,0.24703438909588,0.224641244525802,0.272204555218241,0.20265076389894,0.296566057051166
-0.1,-0.15,"[0.2, 0.3)",659,-0.33466650517637,-0.356030153318459,-0.314809602252421,-0.393977164995202,-0.301405240575863
-0.1,-0.2,"[0.6, 0.7)",1501,-0.0190457468027763,-0.0452775006613236,0.00693612186812997,-0.0642206025258044,0.0304935989829171
-0.1,-0.2,"[0.5, 0.6)",1865,-0.11637314985915,-0.141119902690274,-0.092928568717235,-0.164233490854313,-0.0701799033743542
-0.1,-0.2,"[0.7, 0.8)",996,0.0792324529023238,0.0540516344132543,0.104966952624419,0.0351886190432428,0.130868629528028
-0.1,-0.2,"[0.9, 1.0)",477,0.282150652511322,0.256849940371538,0.305988479481133,0.235882249010278,0.331105292290479
-0.1,-0.2,"[0.8, 0.9)",714,0.18184526051317,0.155769574752026,0.205651396546653,0.134699964112131,0.230827404406573
-0.1,-0.2,"[0.4, 0.5)",1663,-0.212610280739977,-0.238058135806643,-0.189373404921128,-0.263120514155736,-0.168806784270164
-0.1,-0.2,"[0.3, 0.4)",707,-0.30120056271503,-0.324423733620058,-0.282503987458294,-0.359617493942363,-0.267724235998738
-0.1,-0.3,"[0.6, 0.7)",2143,-0.0992490662268486,-0.12253799693742,-0.0742341474912495,-0.147346177166361,-0.0526766644082758
-0.1,-0.3,"[0.9, 1.0)",768,0.194498537994464,0.171792507303111,0.222704770252236,0.151694329380081,0.24812189270029
-0.1,-0.3,"[0.7, 0.8)",1739,-0.00700909618503942,-0.0289005239664098,0.019345676225463,-0.0473861790666869,0.0470266914425902
-0.1,-0.3,"[0.5, 0.6)",1643,-0.190488959224765,-0.216265847310301,-0.169107071585984,-0.245184675920709,-0.152395903810908
-0.1,-0.3,"[0.8, 0.9)",1184,0.0938144236189583,0.0702051308721536,0.120419950816331,0.052084025702532,0.146304777915421
-0.1,-0.3,"[0.4, 0.5)",486,-0.27774756761156,-0.298437374504304,-0.261190100716607,-0.343769342871801,-0.251389143286567
-0.1,-0.4,"[0.7, 0.8)",2433,-0.0518605842988752,-0.0754548550699571,-0.028247017142562,-0.097017673670745,-0.0025058835779644
-0.1,-0.4,"[0.9, 1.0)",1119,0.143987773781954,0.123246378705379,0.171858719031402,0.102699346523545,0.196918295291768
-0.1,-0.4,"[0.8, 0.9)",1744,0.0434486615115671,0.0203585970290154,0.0704845048989827,0.00198658910361036,0.0966562094014205
-0.1,-0.4,"[0.6, 0.7)",1986,-0.141029030966579,-0.166559627704008,-0.120023096414229,-0.196425098327308,-0.102354078865597
-0.1,-0.4,"[0.5, 0.6)",654,-0.227270764036613,-0.254804631351551,-0.213134452689479,-0.292537144513585,-0.200838091312426
-0.15,-0.05,"[0.2, 0.3)",1428,-0.00672037822083575,-0.0282005066137195,0.0192974674978669,-0.0474464568586123,0.0459921769115856
-0.15,-0.05,"[0.1, 0.2)",1795,-0.100367255657815,-0.125964145623541,-0.0747665296099511,-0.14806250353726,-0.0536029359648802
-0.15,-0.05,"[0.3, 0.4)",712,0.0918868557124,0.0686606928665349,0.117471846465077,0.0513864791467372,0.145249987101592
-0.15,-0.05,"[0.4, 0.5)",339,0.190975328370905,0.168970852718799,0.22087403599396,0.15155322470172,0.245364708498191
-0.15,-0.05,"[0.5, 0.6)",166,0.293457506085941,0.272926834659991,0.31886522021218,0.252651684784369,0.342374664664572
-0.15,-0.05,"[0.0, 0.1)",3286,-0.210741969817263,-0.23145228749476,-0.18549895966841,-0.248254408866137,-0.154607690408583
-0.15,-0.05,"[0.7, 0.8)",86,0.494953395805397,0.473880321460855,0.52249904713965,0.451231348687266,0.545642181235681
-0.15,-0.05,"[0.6, 0.7)",95,0.390897652850138,0.366213014603336,0.406404808446084,0.352229037286417,0.440044376043471
-0.15,-0.05,"[0.8, 0.9)",52,0.591543453500281,0.575562656757635,0.612445014396496,0.552573962326895,0.641834207913298
-0.15,-0.05,"[0.9, 1.0)",41,0.693795903295978,0.659537956296092,0.717174499360536,0.650852895802694,0.749036587128055
-0.15,-0.1,"[0.2, 0.3)",2021,-0.153530657883487,-0.177163130855333,-0.126354434958563,-0.197685537293879,-0.102889702846046
-0.15,-0.1,"[0.4, 0.5)",1058,0.0408875988363112,0.0200485671219002,0.068227170545688,0.00198574086442463,0.095364715094026
-0.15,-0.1,"[0.9, 1.0)",95,0.543549391306488,0.517393995960591,0.5760462215744,0.502086242138925,0.595033262723553
-0.15,-0.1,"[0.6, 0.7)",301,0.245281201338323,0.217158472247643,0.2712270696844,0.202226627777383,0.296865043863152
-0.15,-0.1,"[0.3, 0.4)",1736,-0.0509272341785534,-0.0774721380879088,-0.0255131122223274,-0.0981001151957917,-0.00299474620815703
-0.15,-0.1,"[0.1, 0.2)",1681,-0.242389630717081,-0.266906880699968,-0.219952465841867,-0.295952303702934,-0.202231817096811
-0.15,-0.1,"[0.8, 0.9)",104,0.439932367776954,0.420011420143437,0.466834128502925,0.404727501473329,0.496937025815375
-0.15,-0.1,"[0.5, 0.6)",526,0.139412869275726,0.117287914915947,0.166094054001159,0.101185098885657,0.196088837801368
-0.15,-0.1,"[0.7, 0.8)",191,0.347110327486222,0.321324031259231,0.377739413055134,0.301703815344626,0.396463523193591
-0.15,-0.15,"[0.4, 0.5)",1889,-0.0541646889881604,-0.0785342946635789,-0.0292125989941177,-0.0972906626687135,-0.00411614167885302
-0.15,-0.15,"[0.3, 0.4)",2100,-0.150367486009638,-0.174690384245767,-0.1259989441881,-0.197666908384397,-0.103102406653354
-0.15,-0.15,"[0.5, 0.6)",1264,0.0435929615398755,0.0212153396175809,0.0707050143470475,0.00177502938185998,0.0968470816639947
-0.15,-0.15,"[0.6, 0.7)",650,0.142618511612432,0.118518620879084,0.169480514432484,0.102151651439821,0.197699416742848
-0.15,-0.15,"[0.9, 1.0)",152,0.445186588744638,0.418903608172501,0.47392703472434,0.402630528240331,0.498866451191943
-0.15,-0.15,"[0.2, 0.3)",1262,-0.238995222613536,-0.263110477487416,-0.218473212437314,-0.29488836503391,-0.201551287020507
-0.15,-0.15,"[0.7, 0.8)",340,0.242672932407456,0.217503197668229,0.269556331884358,0.201539010281366,0.297350906287978
-0.15,-0.15,"[0.8, 0.9)",200,0.344081784599287,0.322141522853034,0.37158632094255,0.303773069034365,0.396772063662757
-0.15,-0.2,"[0.5, 0.6)",1945,-0.0252586597918419,-0.0505282656694545,0.00113181619064384,-0.0692770261754696,0.025564887128013
-0.15,-0.2,"[0.4, 0.5)",2274,-0.11987858501129,-0.145495985635027,-0.0952314280472428,-0.169111486663444,-0.0739295716348628
-0.15,-0.2,"[0.7, 0.8)",534,0.170302234000443,0.148989739071456,0.198688511210539,0.131007010038961,0.2248185489364
-0.15,-0.2,"[0.6, 0.7)",1050,0.0710496953794669,0.0496088586289874,0.0969414387358534,0.0309225714075986,0.125341020526908
-0.15,-0.2,"[0.8, 0.9)",272,0.270905123704805,0.248570126110503,0.295538957340401,0.231237677311766,0.32511414587121
-0.15,-0.2,"[0.9, 1.0)",195,0.374533403083154,0.352632235044606,0.397652779243712,0.330227864882996,0.424966580389549
-0.15,-0.2,"[0.3, 0.4)",1507,-0.209364425233493,-0.233560496869315,-0.189105870441168,-0.266149981429559,-0.172874680224859
-0.15,-0.3,"[0.7, 0.8)",1209,0.0738628320866421,0.052347235846016,0.099439451867023,0.0352412939811842,0.128756744567464
-0.15,-0.3,"[0.5, 0.6)",2519,-0.11331933800136,-0.13802864195084,-0.0894931604188317,-0.162749140077529,-0.0686058383253563
-0.15,-0.3,"[0.4, 0.5)",1159,-0.198720029914784,-0.219329124449041,-0.180584852493563,-0.257896975380763,-0.167956490006695
-0.15,-0.3,"[0.8, 0.9)",528,0.17627595213154,0.15239817272274,0.202819496653647,0.135366638629385,0.230055551770175
-0.15,-0.3,"[0.9, 1.0)",311,0.277659971187206,0.25380914663344,0.30148038274827,0.235505172100081,0.329400567951141
-0.15,-0.3,"[0.6, 0.7)",2177,-0.0218102876424323,-0.0439889267814468,0.00217538315375421,-0.0646179076077937,0.0293457237538576
-0.15,-0.4,"[0.6, 0.7)",2801,-0.0743424152470482,-0.0998834142406116,-0.0508949405597522,-0.124361711949686,-0.0293074921652791
-0.15,-0.4,"[0.7, 0.8)",2195,0.0148734231097567,-0.00706633284722019,0.0403736765606755,-0.0253787346168774,0.0687410798814305
-0.15,-0.4,"[0.8, 0.9)",954,0.111523545559746,0.0902905710883137,0.140140199531229,0.0741464673028367,0.169420775809256
-0.15,-0.4,"[0.9, 1.0)",454,0.216374295283585,0.192993350134964,0.240903289275912,0.174549461720688,0.269507637207987
-0.15,-0.4,"[0.5, 0.6)",1409,-0.161280717839563,-0.185052150385441,-0.141803161687431,-0.222015475565318,-0.128506465750848
-0.2,-0.05,"[0.1, 0.2)",2204,-0.0497968090369445,-0.074639836401285,-0.0253941481675879,-0.0977362182376972,-0.00281713463888973
-0.2,-0.05,"[0.0, 0.1)",3737,-0.163193659303918,-0.183262912291121,-0.137191126204289,-0.19841019131998,-0.104903485316569
-0.2,-0.05,"[0.3, 0.4)",466,0.135521281825748,0.116334323430819,0.161958415668323,0.101521867750138,0.195552371535809
-0.2,-0.05,"[0.2, 0.3)",1265,0.0372631788130506,0.018135085522838,0.0631676111852523,0.00169157344492872,0.0946683954719212
-0.2,-0.05,"[0.5, 0.6)",75,0.350276331302582,0.318783494232621,0.375073133525347,0.301171783073253,0.397269766569499
-0.2,-0.05,"[0.4, 0.5)",158,0.246175139872936,0.219566678823696,0.27174165842977,0.203108681812562,0.296932626991448
-0.2,-0.05,"[0.6, 0.7)",40,0.443717273169599,0.431090525039228,0.461668904559205,0.406425885281356,0.494142486263988
-0.2,-0.05,"[0.9, 1.0)",13,0.742829222002084,0.724893445953291,0.765163399525721,0.708241319699016,0.787264755379125
-0.2,-0.1,"[0.5, 0.6)",258,0.204026567346451,0.182155937944789,0.233712229004487,0.168048680916666,0.261862598970957
-0.2,-0.1,"[0.2, 0.3)",2284,-0.08469874985613,-0.10953228657185,-0.0605630664076265,-0.131020737947541,-0.0365519637446003
-0.2,-0.1,"[0.3, 0.4)",1746,0.00770409220964985,-0.013386163084835,0.0328346323589703,-0.0314957215966021,0.0637508522244118
-0.2,-0.1,"[0.4, 0.5)",682,0.106289512031331,0.0857468524835873,0.131388018706886,0.0680988625839699,0.162114520236796
-0.2,-0.1,"[0.1, 0.2)",2314,-0.175482897468102,-0.200715423103666,-0.153348555777391,-0.229921872200735,-0.135397407591385
-0.2,-0.1,"[0.6, 0.7)",116,0.305466904934531,0.284909946653255,0.341665746247365,0.269166946679802,0.360099541539894
-0.2,-0.1,"[0.8, 0.9)",37,0.504881049076005,0.484591404414843,0.524773303425778,0.472719910323578,0.561081788380102
-0.2,-0.1,"[0.7, 0.8)",58,0.412527563207498,0.388815421076389,0.44212874499974,0.370870661617257,0.463333204562522
-0.2,-0.15,"[0.5, 0.6)",738,0.108397324149674,0.0895052289965695,0.136377605855804,0.0732601468823644,0.16700277716717
-0.2,-0.15,"[0.6, 0.7)",288,0.210738914009066,0.187198149789199,0.232546393982754,0.172585597934378,0.26582583603339
-0.2,-0.15,"[0.3, 0.4)",2566,-0.0791318049750471,-0.104785412670866,-0.0546538136070861,-0.12553823295119,-0.0315095955920209
-0.2,-0.15,"[0.4, 0.5)",1764,0.0162554612762763,-0.00702826457762197,0.0426612422047708,-0.0268614412063779,0.0683405811408648
-0.2,-0.15,"[0.2, 0.3)",2096,-0.169281948258048,-0.1949333390332,-0.148136193083243,-0.223155834742198,-0.130317197914421
-0.2,-0.15,"[0.7, 0.8)",120,0.309800117592911,0.290758157191675,0.333315925689928,0.275733336203061,0.368191334218114
-0.2,-0.15,"[0.8, 0.9)",66,0.418018631458947,0.386724338237659,0.444875521325938,0.373594880637203,0.462824120776745
-0.2,-0.2,"[0.4, 0.5)",2564,-0.0525696353781935,-0.0762006179710419,-0.0273549737996496,-0.0976470859653121,-0.00306702466088408
-0.2,-0.2,"[0.6, 0.7)",552,0.137898509101206,0.117961963807907,0.161850043181915,0.101256520024207,0.195320941693265
-0.2,-0.2,"[0.3, 0.4)",2421,-0.144411477381706,-0.167713966259841,-0.122348093991834,-0.196355837229372,-0.101924186603313
-0.2,-0.2,"[0.5, 0.6)",1490,0.0389693038124624,0.0173879247105222,0.0648235784222216,0.00194508654349183,0.0953477092298224
-0.2,-0.2,"[0.8, 0.9)",122,0.341978485492714,0.324455448325738,0.364018952671027,0.302793237067104,0.38748191723626
-0.2,-0.2,"[0.7, 0.8)",220,0.240077925420039,0.2164523240635,0.265305298170611,0.202268875215422,0.29280673688885
-0.2,-0.2,"[0.9, 1.0)",66,0.447652314891849,0.422473541171553,0.474302132662841,0.403488335375539,0.496819481577361
-0.2,-0.3,"[0.6, 0.7)",1665,0.0390125045216984,0.0173767988905852,0.0644917006351461,0.00141316059183183,0.0956394621683806
-0.2,-0.3,"[0.5, 0.6)",2990,-0.0532727466126004,-0.0765078389683519,-0.0283323756833421,-0.0974656513618222,-0.00274828885920312
-0.2,-0.3,"[0.4, 0.5)",2154,-0.138957676353996,-0.163439175885634,-0.117380522297025,-0.195038408228201,-0.101981473933718
-0.2,-0.3,"[0.7, 0.8)",596,0.13738024284396,0.11796222645075,0.16461710106553,0.101676012724449,0.195312892281393
-0.2,-0.3,"[0.8, 0.9)",206,0.239810088856016,0.218383710978278,0.267195657557527,0.202241747123034,0.29663047696637
-0.2,-0.3,"[0.9, 1.0)",103,0.338811427205271,0.324552430936001,0.365045861298042,0.303298895234252,0.397851184009843
-0.2,-0.4,"[0.8, 0.9)",412,0.170818325052659,0.148920615505363,0.196161847890942,0.134522227697598,0.22801333280857
-0.2,-0.4,"[0.6, 0.7)",2979,-0.0212552827700299,-0.0434940724241016,0.00330446754061742,-0.0644450203966368,0.0297039241529497
-0.2,-0.4,"[0.5, 0.6)",2486,-0.107708927322605,-0.132061251023059,-0.0866907003289327,-0.162112309571305,-0.0682847817135532
-0.2,-0.4,"[0.7, 0.8)",1425,0.0709426904474961,0.0499582992569934,0.0967659511665115,0.0347681062183555,0.129197382609235
-0.2,-0.4,"[0.9, 1.0)",164,0.275813371405431,0.252683189369712,0.30006030788578,0.235431121068542,0.329125138790647
-0.2,-0.4,"[0.4, 0.5)",524,-0.190170861876243,-0.211480573445955,-0.177015461453018,-0.247663377489333,-0.167610355943748
-0.3,-0.05,"[0.2, 0.3)",594,0.087773005926215,0.0698993396591636,0.111568633441691,0.0585601929740408,0.14904448369552
-0.3,-0.05,"[0.1, 0.2)",2781,-0.0012213737398459,-0.0209014009019284,0.0210600241600021,-0.0404376714770265,0.0519435838011162
-0.3,-0.05,"[0.0, 0.1)",4494,-0.11013080977306,-0.127851831956,-0.0845748895353941,-0.141252842315197,-0.0472426743402807
-0.3,-0.05,"[0.3, 0.4)",89,0.186264745978861,0.170541918514271,0.202099681994494,0.158442637592033,0.244049365187298
-0.3,-0.1,"[0.2, 0.3)",2660,-0.00556035178051743,-0.0278674375141342,0.015875584000235,-0.0482207306775331,0.0451282112752784
-0.3,-0.1,"[0.1, 0.2)",3328,-0.102704591826805,-0.124703980594908,-0.0766492942390898,-0.147249521010956,-0.0525646379132099
-0.3,-0.1,"[0.3, 0.4)",790,0.0822636845887488,0.0638205055948319,0.105598065820455,0.0513844853855057,0.142617731993836
-0.3,-0.1,"[0.4, 0.5)",162,0.182992145509136,0.163642553104682,0.205806335093901,0.150782347338003,0.243814902144707
-0.3,-0.1,"[0.5, 0.6)",32,0.287390717727106,0.263972669515718,0.308768134793785,0.251402681499062,0.340011734540959
-0.3,-0.15,"[0.1, 0.2)",1177,-0.15537886627106,-0.170407739863952,-0.142942045496358,-0.209214176435458,-0.134308278981094
-0.3,-0.15,"[0.3, 0.4)",2538,0.00738875448109014,-0.0139184764740353,0.0312353950308462,-0.0313402510421863,0.0614399341846119
-0.3,-0.15,"[0.4, 0.5)",656,0.100266059180824,0.0824178825830725,0.125515520855661,0.0679391046450727,0.159518609227541
-0.3,-0.15,"[0.2, 0.3)",3437,-0.0840456838279517,-0.106545333068732,-0.0592319017914533,-0.130098688794156,-0.035890420597637
-0.3,-0.15,"[0.5, 0.6)",129,0.192437076297422,0.178422639362392,0.219624406642559,0.168279715917173,0.262533539130177
-0.3,-0.15,"[0.6, 0.7)",37,0.314709517628247,0.289894502634933,0.332033061982229,0.26771926180327,0.366313831145387
-0.3,-0.2,"[0.3, 0.4)",3592,-0.0517758673439924,-0.0754421094395242,-0.0267734648320624,-0.0972232671758074,-0.00273998661130004
-0.3,-0.2,"[0.4, 0.5)",1737,0.0363426252579713,0.015521940617762,0.0616371729078984,0.00151386820276742,0.0954307847912159
-0.3,-0.2,"[0.2, 0.3)",2074,-0.131452792848023,-0.150668849024763,-0.11447676872931,-0.188574018040286,-0.101279640495576
-0.3,-0.2,"[0.5, 0.6)",395,0.133840345430783,0.115888267543755,0.15665084935797,0.101113398725897,0.18790585001775
-0.3,-0.2,"[0.6, 0.7)",95,0.230729426289153,0.210740454363669,0.255021287030288,0.200456760574631,0.291658226534562
-0.3,-0.3,"[0.4, 0.5)",3837,-0.0501152407398303,-0.074523346959514,-0.0269262927874855,-0.096909602811917,-0.0028977070818403
-0.3,-0.3,"[0.5, 0.6)",1986,0.035045829573518,0.0157174794932095,0.0602570568263901,0.00166330186620593,0.0937950216059458
-0.3,-0.3,"[0.6, 0.7)",409,0.1288492330883,0.113193451398646,0.156232055117385,0.100869210446907,0.192087464483993
-0.3,-0.3,"[0.3, 0.4)",1629,-0.126329045426423,-0.145536386099358,-0.112242821275282,-0.186072268123668,-0.101180985100025
-0.3,-0.3,"[0.7, 0.8)",79,0.22790664450677,0.214301707981624,0.253242757147642,0.201883528806597,0.292139849635577
-0.3,-0.4,"[0.5, 0.6)",3838,-0.024874553295291,-0.0479249694832728,-0.000651941420532959,-0.0687380146865738,0.0257804221961052
-0.3,-0.4,"[0.6, 0.7)",1481,0.0588911573003325,0.0434809703774797,0.0837812939010398,0.0301831639206619,0.122507626946274
-0.3,-0.4,"[0.4, 0.5)",2243,-0.103224243707447,-0.125264263652647,-0.0864964158632134,-0.161464948990529,-0.0727985208731428
-0.3,-0.4,"[0.7, 0.8)",251,0.154274194109562,0.13898805747993,0.176781479404632,0.129736869284663,0.217473871973657
-0.3,-0.4,"[0.8, 0.9)",48,0.251502467353638,0.238834107062261,0.280228184786326,0.229274206812499,0.317330913730874
-0.4,-0.05,"[0.0, 0.1)",5450,-0.0794243931520557,-0.0969306601620545,-0.0459482631889026,-0.109790246751112,-0.0141509749763192
-0.4,-0.05,"[0.1, 0.2)",2372,0.0160243121795847,0.00149899216351287,0.0372268493584801,-0.0101146700901141,0.0790676436206227
-0.4,-0.05,"[0.2, 0.3)",165,0.110887250927009,0.0964198457673703,0.130626705954069,0.0895161055475493,0.165853223040894
-0.4,-0.1,"[0.2, 0.3)",1901,0.02737942906478,0.0122073365821186,0.049858051167182,0.00128845874329064,0.0885346889331283
-0.4,-0.1,"[0.1, 0.2)",4050,-0.0521687115255656,-0.0777037696240956,-0.0259052894305976,-0.0977915694585937,-0.00298541212004779
-0.4,-0.1,"[0.3, 0.4)",162,0.119350518600977,0.108440517990276,0.140111330071862,0.100519627155284,0.186097939818974
-0.4,-0.1,"[0.0, 0.1)",1863,-0.120496230063845,-0.13464107714683,-0.10954251718987,-0.171736986822656,-0.101219745926466
-0.4,-0.15,"[0.3, 0.4)",1191,0.053108444295066,0.0380127916338062,0.0765669968390414,0.0281438531743217,0.118765262216272
-0.4,-0.15,"[0.2, 0.3)",4008,-0.0256565637413329,-0.0502042059129085,-0.00170071058905882,-0.0710524571499497,0.0237813786751187
-0.4,-0.15,"[0.4, 0.5)",106,0.163370884456223,0.136487293959281,0.191167100436499,0.128472736731983,0.222206627291065
-0.4,-0.15,"[0.1, 0.2)",2654,-0.103543559612945,-0.120809087780535,-0.0880173144767881,-0.153342965211486,-0.0741923685800221
-0.4,-0.2,"[0.3, 0.4)",3091,0.0024287234523665,-0.0162559362650266,0.0263481071662683,-0.0316165232698508,0.0604076559174301
-0.4,-0.2,"[0.2, 0.3)",4020,-0.0769811696991476,-0.100787457336008,-0.0543701563975259,-0.128434557291541,-0.0353466004404595
-0.4,-0.2,"[0.4, 0.5)",498,0.0938926398897222,0.0778924270749122,0.1170849811058,0.06758948556872,0.156891791772107
-0.4,-0.3,"[0.5, 0.6)",466,0.0985406997898556,0.0836025246554249,0.120278636414624,0.0728767455259622,0.163980338291451
-0.4,-0.3,"[0.3, 0.4)",4004,-0.0686014549788142,-0.0920846473897957,-0.0477326533019917,-0.122795202428846,-0.0305919843422308
-0.4,-0.3,"[0.4, 0.5)",3179,0.00767258363211915,-0.0123932929976019,0.030559171498248,-0.0268791666649575,0.0645142922228122
-0.4,-0.3,"[0.2, 0.3)",291,-0.140679672940141,-0.153015309715862,-0.133694128244474,-0.181918903020468,-0.12898411432355
-0.4,-0.3,"[0.6, 0.7)",55,0.202337325990359,0.189919626413279,0.227225592846063,0.174944836891996,0.264189587689355
-0.4,-0.4,"[0.5, 0.6)",2249,0.0303485805861852,0.0136155363051325,0.0524819399257768,0.0013006834505801,0.0931001112967783
-0.4,-0.4,"[0.4, 0.5)",4687,-0.0457620410097762,-0.0685845005956201,-0.0244352153501548,-0.0955241173496222,-0.00283227066908138
-0.4,-0.4,"[0.6, 0.7)",241,0.118901725932314,0.107730517767235,0.146452745937257,0.100565652520198,0.188118132334595
-0.4,-0.4,"[0.3, 0.4)",802,-0.116406334879476,-0.130871432467307,-0.107257985072722,-0.166784493784114,-0.100663789759531
-0.4,-0.4,"[0.7, 0.8)",17,0.228119955119314,0.209205021666384,0.253842687538764,0.202602244852205,0.291605863138264
-0.01,-0.15,"[0.3, 0.4)",500,-0.57643224439932,-0.602597197332685,-0.556758805148248,-0.632792233395336,-0.539756819914725
-0.01,-0.15,"[0.2, 0.3)",138,-0.663744108152048,-0.686177007633494,-0.650979544634318,-0.720844683661846,-0.639052756169347
-0.01,-0.2,"[0.3, 0.4)",114,-0.584613329611296,-0.60813920870054,-0.56560297283268,-0.645413155408428,-0.553371445194661
-0.01,-0.3,"[0.4, 0.5)",82,-0.491580835671725,-0.513098785858287,-0.484384481417432,-0.546109364697739,-0.468932331443457
-0.01,-0.4,"[0.5, 0.6)",128,-0.401793341487174,-0.419979041041395,-0.390484802433027,-0.454615830325951,-0.376375138520331
-0.01,-0.4,"[0.4, 0.5)",5,-0.489264770344714,-0.490052240367705,-0.486933203120629,-0.494128615812295,-0.479330033881885
-0.05,-0.15,"[0.2, 0.3)",273,-0.48093420344053,-0.503312725475016,-0.461905521118595,-0.540086167557158,-0.451189291859532
-0.05,-0.2,"[0.3, 0.4)",267,-0.427396144958614,-0.450940525173929,-0.410730620634758,-0.491490485711462,-0.400855070113534
-0.05,-0.3,"[0.3, 0.4)",14,-0.47670517048322,-0.488806698487521,-0.461835390903679,-0.530492897336028,-0.458274552878253
-0.05,-0.4,"[0.5, 0.6)",241,-0.31999473722541,-0.342314058621885,-0.302124168626008,-0.380214392208085,-0.290341607280257
-0.1,-0.2,"[0.2, 0.3)",76,-0.38266820571747,-0.39971978778077,-0.374318614257928,-0.44096581869199,-0.367826218006865
-0.1,-0.3,"[0.3, 0.4)",36,-0.368958382870728,-0.381572022899131,-0.358710650458012,-0.422114637124042,-0.350655741538552
-0.1,-0.4,"[0.4, 0.5)",64,-0.321618837411113,-0.339957725351319,-0.306945141149603,-0.381602738141892,-0.300674386567811
-0.15,-0.2,"[0.2, 0.3)",219,-0.29222258266956,-0.312448737313639,-0.281567026485165,-0.350078548312311,-0.27220000424874
-0.15,-0.3,"[0.3, 0.4)",96,-0.282889123006904,-0.300443962939963,-0.273833069084684,-0.343310059718332,-0.267080366214834
-0.15,-0.4,"[0.4, 0.5)",185,-0.250395038578246,-0.268187884453614,-0.238428961857813,-0.309632917300008,-0.228042990243539
-0.2,-0.05,"[0.8, 0.9)",17,0.661016961567832,0.623152484169583,0.690937968486988,0.610285436004397,0.696364306627411
-0.2,-0.05,"[0.7, 0.8)",25,0.537233993946876,0.521268214188195,0.565139451323868,0.502011114665324,0.594308237921935
-0.2,-0.1,"[0.9, 1.0)",34,0.596811227459997,0.57965799403588,0.614506681883473,0.570089282962997,0.653419905977574
-0.2,-0.15,"[0.9, 1.0)",48,0.502958301888087,0.482617502048123,0.527054376250725,0.473877552938253,0.563368210884718
-0.2,-0.15,"[0.1, 0.2)",314,-0.246714572226191,-0.258573903320448,-0.236851077744565,-0.294920458252871,-0.229744268858102
-0.2,-0.2,"[0.2, 0.3)",556,-0.224027029101419,-0.241621621452681,-0.210461710064956,-0.28072977959752,-0.200897193032142
-0.2,-0.3,"[0.3, 0.4)",285,-0.220895384830626,-0.235939489945137,-0.208418783732081,-0.277669132810261,-0.200672645720529
-0.3,-0.05,"[0.4, 0.5)",28,0.288399962848468,0.263055559243206,0.319445722291896,0.260544536747537,0.354673028858835
-0.3,-0.05,"[0.5, 0.6)",9,0.39020182318392,0.376281478964304,0.409817925578246,0.36644550870143,0.441434482611825
-0.3,-0.05,"[0.7, 0.8)",2,0.58294759841652,0.579632971645208,0.586262225187831,0.576649807551028,0.589245389282011
-0.3,-0.1,"[0.6, 0.7)",14,0.410440096021413,0.375932739135637,0.426296641688929,0.354359771462263,0.437559041044037
-0.3,-0.1,"[0.8, 0.9)",2,0.606390370871241,0.605881981213277,0.606898760529204,0.60542443052111,0.607356311221372
-0.3,-0.1,"[0.0, 0.1)",1001,-0.169519569822372,-0.184792117377411,-0.159034068766037,-0.221866164719755,-0.150832669643884
-0.3,-0.1,"[0.7, 0.8)",6,0.483496637401088,0.471700280167766,0.492269471620706,0.46371164988291,0.514880674696536
-0.3,-0.1,"[0.9, 1.0)",5,0.704092198422303,0.672496335580193,0.705850548386951,0.663736262032721,0.729808696985771
-0.3,-0.15,"[0.7, 0.8)",15,0.384894445770942,0.376394502014321,0.400302836696623,0.369778600917789,0.449788689659098
-0.3,-0.15,"[0.8, 0.9)",7,0.52189617288066,0.51450515759757,0.54989143653156,0.482822173491566,0.553667004929858
-0.3,-0.15,"[0.9, 1.0)",2,0.619818051473883,0.597219327924546,0.64241677502322,0.576880476730142,0.662755626217624
-0.3,-0.2,"[0.7, 0.8)",34,0.345363094437636,0.312283344788438,0.364462264259293,0.301218660263224,0.391245573726794
-0.3,-0.2,"[0.8, 0.9)",13,0.445730577088987,0.417812099758559,0.466955317465149,0.406679182947389,0.494882060842067
-0.3,-0.2,"[0.9, 1.0)",7,0.564600806893617,0.548980967781256,0.574549648370226,0.521848102284347,0.582398412600392
-0.3,-0.3,"[0.8, 0.9)",13,0.319569101905074,0.310673351096156,0.343137884763668,0.304513749075048,0.388774683954565
-0.3,-0.3,"[0.9, 1.0)",7,0.417390187346781,0.411074783709443,0.437278887046144,0.402325949684453,0.478248115196848
-0.3,-0.3,"[0.2, 0.3)",40,-0.213615911772797,-0.218309371233844,-0.206119001100079,-0.256543215116837,-0.201404697735313
-0.3,-0.4,"[0.9, 1.0)",17,0.370115600371168,0.35082515319524,0.407715105832961,0.333780578194329,0.423423797673117
-0.3,-0.4,"[0.3, 0.4)",122,-0.186959953463542,-0.196127680389508,-0.178316505072189,-0.224318985031858,-0.173423509446513
-0.4,-0.05,"[0.3, 0.4)",11,0.201750614596118,0.197217444860457,0.222974796956019,0.191340907968663,0.254810375232238
-0.4,-0.05,"[0.4, 0.5)",2,0.314478968337026,0.3093386950332,0.319619241640851,0.304712449059757,0.324245487614294
-0.4,-0.1,"[0.4, 0.5)",20,0.233518076998916,0.217135781138314,0.261797952872911,0.202813821004463,0.287899491114078
-0.4,-0.1,"[0.5, 0.6)",4,0.358019746751795,0.33448363049337,0.377031094998669,0.307750041783965,0.391547810076885
-0.4,-0.15,"[0.5, 0.6)",10,0.268392919301304,0.239491383433575,0.296716524916234,0.230053207521934,0.321297796863828
-0.4,-0.15,"[0.6, 0.7)",1,0.327442937257504,0.327442937257504,0.327442937257504,0.327442937257504,0.327442937257504
-0.4,-0.15,"[0.7, 0.8)",1,0.442330382156905,0.442330382156905,0.442330382156905,0.442330382156905,0.442330382156905
-0.4,-0.2,"[0.5, 0.6)",56,0.200928257820965,0.182191279154977,0.215361813044578,0.168984539891072,0.249490336751198
-0.4,-0.2,"[0.6, 0.7)",11,0.304753695023367,0.286748375649696,0.320018677041384,0.274242261040876,0.359497529691855
-0.4,-0.2,"[0.1, 0.2)",321,-0.145754590666574,-0.155961158957665,-0.13895498408882,-0.17889220535336,-0.133830942942941
-0.4,-0.3,"[0.7, 0.8)",5,0.310081529254645,0.303657165558348,0.343107413561812,0.283287052210036,0.34890593925134
-0.4,-0.4,"[0.9, 1.0)",1,0.438052457104668,0.438052457104668,0.438052457104668,0.438052457104668,0.438052457104668
-0.3,-0.05,"[0.8, 0.9)",1,0.702841724625863,0.702841724625863,0.702841724625863,0.702841724625863,0.702841724625863
-0.3,-0.05,"[0.6, 0.7)",1,0.478484921280056,0.478484921280056,0.478484921280056,0.478484921280056,0.478484921280056
-0.4,-0.2,"[0.7, 0.8)",2,0.436172142372305,0.430480708215409,0.441863576529201,0.425358417474203,0.446985867270407
-0.4,-0.2,"[0.8, 0.9)",1,0.544118637902621,0.544118637902621,0.544118637902621,0.544118637902621,0.544118637902621
-0.4,-0.4,"[0.8, 0.9)",3,0.31936454711107,0.311473189709579,0.320711417516386,0.304370968048237,0.32192360088117
-0.01,-0.1,"[0.0, 0.1)",26,-0.833298952046534,-0.850008348957773,-0.816687882889855,-0.887318112210037,-0.811015538962403
-0.05,-0.1,"[0.0, 0.1)",76,-0.588654916994215,-0.603065607343316,-0.57515012760711,-0.639137110491405,-0.568353344337206
-0.05,-0.15,"[0.1, 0.2)",14,-0.560662479321301,-0.57648844919872,-0.554815865981863,-0.589622987401388,-0.552732335278276
-0.05,-0.4,"[0.4, 0.5)",20,-0.404158892998414,-0.429663385237583,-0.392937234899004,-0.453455159148631,-0.389393333858916
-0.1,-0.1,"[0.0, 0.1)",154,-0.420637992752053,-0.437850607857927,-0.409783818821131,-0.473068342402136,-0.401605528850376
-0.1,-0.15,"[0.1, 0.2)",48,-0.414428268919384,-0.434456994441481,-0.405414924132797,-0.457655308655728,-0.400780187553289
-0.15,-0.1,"[0.0, 0.1)",287,-0.319442788282311,-0.336831652906645,-0.307163474107823,-0.377252521448218,-0.30093956566368
-0.15,-0.15,"[0.1, 0.2)",143,-0.314854534985077,-0.325029400428728,-0.307048145246361,-0.3696978520711,-0.300564621466666
-0.2,-0.1,"[0.0, 0.1)",471,-0.252199867601046,-0.265206317390567,-0.242229872118391,-0.312552704655288,-0.234174238021766
-0.3,-0.2,"[0.1, 0.2)",53,-0.208944437233705,-0.21595422269224,-0.205112771639005,-0.244400251288486,-0.200543587362606
-0.4,-0.15,"[0.0, 0.1)",29,-0.178834271267617,-0.183198457319372,-0.177221521833327,-0.191587937434181,-0.173394863987631
-0.01,-0.15,"[0.1, 0.2)",4,-0.747147858228425,-0.752043529502137,-0.744688720847673,-0.763357085063289,-0.739953806797512
-0.01,-0.2,"[0.2, 0.3)",5,-0.661269014282021,-0.694062801908244,-0.657920022852351,-0.699682051168372,-0.653765409196398
-0.01,-0.3,"[0.3, 0.4)",5,-0.576920703849793,-0.580480878530817,-0.575316261166591,-0.623862381854615,-0.571045373992585
-0.05,-0.2,"[0.2, 0.3)",20,-0.514985438479932,-0.528536927592449,-0.503106056042948,-0.564283062034838,-0.500321592531177
-0.1,-0.3,"[0.2, 0.3)",1,-0.453888699180732,-0.453888699180732,-0.453888699180732,-0.453888699180732,-0.453888699180732
-0.15,-0.2,"[0.1, 0.2)",4,-0.379135450213892,-0.386125756980456,-0.375203493620691,-0.396923193039013,-0.372663603030215
-0.15,-0.3,"[0.2, 0.3)",1,-0.391443748674869,-0.391443748674869,-0.391443748674869,-0.391443748674869,-0.391443748674869
-0.15,-0.4,"[0.3, 0.4)",2,-0.339991864186846,-0.34618514209108,-0.333798586282611,-0.351759092204891,-0.3282246361688
-0.2,-0.2,"[0.1, 0.2)",9,-0.306725548188947,-0.320167184969414,-0.305484201952412,-0.33542381843318,-0.302271815608375
-0.2,-0.3,"[0.2, 0.3)",1,-0.303849483428616,-0.303849483428616,-0.303849483428616,-0.303849483428616,-0.303849483428616
-0.2,-0.4,"[0.3, 0.4)",10,-0.27917136120526,-0.282729811369514,-0.271471725951192,-0.297895181188499,-0.266908912983271
-0.3,-0.05,"[0.9, 1.0)",1,0.835692757049947,0.835692757049947,0.835692757049947,0.835692757049947,0.835692757049947
-0.3,-0.15,"[0.0, 0.1)",2,-0.236431700339539,-0.23682554159108,-0.236037859087998,-0.237179998717467,-0.235683401961612
-0.1,-0.2,"[0.1, 0.2)",1,-0.480759599271444,-0.480759599271444,-0.480759599271444,-0.480759599271444,-0.480759599271444
