"nc_key","label","domain","n_w0","n_w1","n_patients_probe","pass_L2","n_events_analytic","pass_L3","in_reported_panel","status"
"infection","Infection (combined)","Infection",2966,4722,7688,TRUE,4705,TRUE,TRUE,"retained in the reported panel"
"uti_only","UTI","Infection",2143,3629,5772,TRUE,3620,TRUE,TRUE,"retained in the reported panel"
"gout","Gout","Rheumatology",1355,1853,3208,TRUE,1847,TRUE,TRUE,"retained in the reported panel"
"osteoarthritis","Osteoarthritis","Rheumatology",700,1512,2212,TRUE,1502,TRUE,TRUE,"retained in the reported panel"
"gi_bleed","GI Bleed","Gastrointestinal",655,1535,2190,TRUE,1535,TRUE,TRUE,"retained in the reported panel"
"cellulitis","Cellulitis","Infection",391,1340,1731,TRUE,1339,TRUE,TRUE,"retained in the reported panel"
"bph","BPH","Urology",605,940,1545,TRUE,938,TRUE,TRUE,"retained in the reported panel"
"hemorrhoids","Hemorrhoids","Gastrointestinal",194,675,869,TRUE,674,TRUE,TRUE,"retained in the reported panel"
"cataract","Cataract","Ophthalmology",130,317,447,TRUE,317,TRUE,TRUE,"retained in the reported panel"
"traffic_accident","Traffic Accident","Trauma",48,77,125,TRUE,77,TRUE,TRUE,"retained in the reported panel"
"fall","Fall (without fracture)","Trauma",25,83,108,TRUE,83,TRUE,TRUE,"retained in the reported panel"
"tendinitis","Tendinitis","Rheumatology",13,59,72,TRUE,58,TRUE,TRUE,"retained in the reported panel"
"dental_caries","Dental Caries","Dental",40,45,85,TRUE,45,FALSE,FALSE,"excluded at L3 (<50 events in the analytic window)"
"varicose_veins","Varicose Veins","Vascular (venous)",19,36,55,TRUE,36,FALSE,FALSE,"excluded at L3 (<50 events in the analytic window)"
"conjunctivitis","Conjunctivitis","Ophthalmology",11,33,44,FALSE,33,FALSE,FALSE,"excluded at L2 (<50 patients)"
"skin_cancer_nm","Non-Melanoma Skin Cancer","Oncology",9,29,38,FALSE,28,FALSE,FALSE,"excluded at L2 (<50 patients)"
