"rep_id","mu_b","sigma_b","obs_log_rr","bsr_est","bf_est","pt_class"
1,-0.150551415082344,0.0413748789455815,-0.449378938132644,0.503807057481124,0.335021075326645,"competitive"
2,-0.145376168964781,0.0809261660706973,-0.473205100060402,0.443451310044315,0.30721598086374,"effect-dominated"
3,-0.132301777364314,0.0577891133145588,-0.539556285425929,0.324862646687506,0.245204774623049,"effect-dominated"
4,-0.147461092171837,0.058495547890192,-0.563236743245857,0.354665050228216,0.261810142786563,"effect-dominated"
5,-0.133998014654873,0.0579705887045378,-0.476797812833399,0.390892921661197,0.281037393730021,"effect-dominated"
6,-0.137931935027746,0.0614274336420639,-0.605959937277919,0.294708723334074,0.227625502186433,"effect-dominated"
7,-0.134366955352463,0.0571139614988948,-0.470894901078363,0.399274286308171,0.285343831595456,"effect-dominated"
8,-0.113743394759547,0.0796906034708135,-0.506167158486377,0.289848386548592,0.224715082463432,"effect-dominated"
9,-0.133207357219599,0.0418244575026786,-0.555897354850031,0.315141966846506,0.239625815912608,"effect-dominated"
10,-0.166991363951876,0.0545462578155713,-0.526297104002212,0.464761191759649,0.317294856236136,"effect-dominated"
11,-0.149956223098622,0.0580952318352224,-0.427625325151326,0.540053689769773,0.350671988487951,"competitive"
12,-0.188377169490389,0.0323487106416017,-0.383493697691958,0.965459826631306,0.491213207998279,"competitive"
13,-0.128909978955304,0.0407941151526831,-0.464901300814748,0.383670561018927,0.277284616604399,"effect-dominated"
14,-0.157621997875747,0.0835494428380503,-0.561012233170892,0.39074321608311,0.280960001504519,"effect-dominated"
15,-0.174282157533577,0.0644152001454777,-0.512475147852601,0.515333441326426,0.34007923752764,"competitive"
16,-0.175075904023187,0.0549254516195604,-0.535460436116244,0.485803047667926,0.326963286574508,"effect-dominated"
17,-0.150683096194997,0.0666915158818522,-0.429368421302387,0.540692611413724,0.350941263304683,"competitive"
18,-0.161025219713998,0.0547725005228261,-0.454219030226611,0.549210842590658,0.354510068927896,"competitive"
19,-0.15042584083744,0.0754510690170272,-0.602808793120373,0.33251880973481,0.249541550412325,"effect-dominated"
20,-0.11582760900043,0.000629577986227434,-0.523990328926873,0.283778021229631,0.221049135081641,"effect-dominated"
21,-0.161929080965543,0.0288278272694254,-0.533177575459826,0.436174377450673,0.303705722855826,"effect-dominated"
22,-0.121791486179627,0.0626264162246312,-0.412889252608918,0.418386879685008,0.294973737897182,"effect-dominated"
23,-0.170210869214994,0.0523881421166184,-0.501319588218756,0.514063385969187,0.339525670281052,"competitive"
24,-0.141296258867231,0.0339082923073341,-0.602365106261627,0.306453710038594,0.234569129915472,"effect-dominated"
25,-0.164663074439337,0.0103314787839649,-0.413183524859647,0.662573539364064,0.398522846464584,"competitive"
26,-0.114523000245686,0.0431973132746598,-0.484241963394353,0.309756900945423,0.236499537220862,"effect-dominated"
27,-0.136593891742927,0.0505766969057848,-0.489923876093884,0.386590150263756,0.278806358310146,"effect-dominated"
28,-0.149663234569223,0.0524121135253152,-0.448706055275957,0.500474260560813,0.333544049181995,"competitive"
29,-0.146138865080566,0.0527561458325386,-0.429941924795442,0.51493054806169,0.339903732696214,"competitive"
30,-0.128330068662935,0.0264462175027312,-0.457693213037866,0.389630931252131,0.280384469350472,"effect-dominated"
31,-0.182197980258187,0.0466740094090895,-0.424471327399717,0.7520347673727,0.429235070774554,"competitive"
32,-0.124157048407279,0.0862778462091746,-0.567788086594279,0.279865558809129,0.21866793498962,"effect-dominated"
33,-0.160856787647738,0.0292470286196424,-0.455648797071334,0.545661966761782,0.353028009031602,"competitive"
34,-0.191792795759485,2.5018634249416e-05,-0.553439381755507,0.530332106499119,0.34654706925828,"competitive"
35,-0.13600092698008,0.0760348129251193,-0.58676587537437,0.301711407385469,0.231780566470925,"effect-dominated"
36,-0.115043665841956,0.0443966649995966,-0.431123658604086,0.363970097685158,0.266846097508197,"effect-dominated"
37,-0.161995640819013,0.0612613463172313,-0.524368150786254,0.447041749479445,0.308934935457296,"effect-dominated"
38,-0.157786753025417,0.0700561669279907,-0.578414541019554,0.375122037889748,0.272791815965227,"effect-dominated"
39,-0.150591676392272,0.0710476433713061,-0.543421656191509,0.383350772945676,0.277117547076927,"effect-dominated"
40,-0.0879252834028838,0.0543657618557334,-0.467732929900897,0.231499508273706,0.187981811375807,"effect-dominated"
41,-0.145121665210546,0.0552190943200243,-0.499837075631155,0.409121399711577,0.29033793667126,"effect-dominated"
42,-0.129366369645763,0.075460649381672,-0.449192594569672,0.404489562031821,0.287997556526274,"effect-dominated"
43,-0.167377109370532,0.052215195561713,-0.537035503417457,0.452788607173586,0.311668610930595,"effect-dominated"
44,-0.190656911742191,3.71969515463567e-05,-0.466823975149948,0.690368030820133,0.408412853433569,"competitive"
45,-0.143787530880644,0.029115140818536,-0.509400652641219,0.39327781833499,0.282268053908279,"effect-dominated"
46,-0.112318820713941,0.0722654593075136,-0.454323097850236,0.328413497206585,0.247222342965635,"effect-dominated"
47,-0.158031475594855,0.0365670873833889,-0.446656278364774,0.54753255464615,0.35381003973215,"competitive"
48,-0.138947186849865,0.0578659460640346,-0.575122104920029,0.318558406486622,0.241595977030278,"effect-dominated"
49,-0.161727319697574,0.000185547009912307,-0.482539873008817,0.504117803459739,0.335158457868245,"competitive"
50,-0.146946158890271,0.0725464470410395,-0.519443985281084,0.394488634508435,0.282891251134144,"effect-dominated"
51,-0.145536693143259,0.057299252552751,-0.453667246345209,0.47232152615477,0.320800530158872,"effect-dominated"
52,-0.147615427464767,0.0517834655691595,-0.513295675049467,0.403673505582432,0.287583618253829,"effect-dominated"
53,-0.157693971166015,1.96771353900129e-05,-0.553044256076473,0.398871525289859,0.28513806884961,"effect-dominated"
54,-0.147785528884532,0.0348057969301078,-0.507813142282602,0.410483872305457,0.291023442639238,"effect-dominated"
55,-0.165716796809539,0.0787172587204098,-0.557149775916646,0.423359312206023,0.297436710868088,"effect-dominated"
56,-0.169561746273306,0.0875354958896699,-0.45194686103597,0.600462763116315,0.375180714574786,"competitive"
57,-0.164587799337098,9.43580108513122e-05,-0.573757951896637,0.402247813794649,0.28685929108787,"effect-dominated"
58,-0.145382250831126,0.057249315532153,-0.442590534853622,0.489159483926504,0.328480252925446,"effect-dominated"
59,-0.129703321146652,0.0404866265712534,-0.492135772966757,0.357868950463165,0.263551906346409,"effect-dominated"
60,-0.175033884995702,8.35046634431975e-05,-0.430357054544195,0.685538587450671,0.40671782453081,"competitive"
61,-0.15546650449249,0.0900465728472288,-0.512558337466862,0.435368412650445,0.303314750981963,"effect-dominated"
62,-0.152769050178491,0.0686164081490439,-0.51255014604569,0.42461666811666,0.298056787920362,"effect-dominated"
63,-0.125358020393488,0.0724803792192245,-0.502760522872891,0.332160013698717,0.249339426407554,"effect-dominated"
64,-0.159594030706901,0.0694544309302862,-0.474535882899747,0.506741259047332,0.336316043650208,"competitive"
65,-0.163724035339291,0.0361639511089563,-0.401907988825729,0.687384825647432,0.407366959332285,"competitive"
66,-0.181244075559416,0.0936897207327719,-0.471852586376468,0.623670914006768,0.384111650105083,"competitive"
67,-0.154809950421566,0.0791768377385578,-0.399380494069424,0.632986900681168,0.387625216354846,"competitive"
68,-0.170760570330116,3.21206885706405e-05,-0.516768280003379,0.493516663230903,0.33043934184389,"effect-dominated"
69,-0.149319831858217,0.0619809966982193,-0.570302043962109,0.354693921892754,0.261825875321845,"effect-dominated"
70,-0.154487751499773,0.0459039098190499,-0.397891958386152,0.634696308153329,0.388265578742468,"competitive"
71,-0.119162014864565,0.0571270684777807,-0.429019921994686,0.384569869357973,0.277754036014303,"effect-dominated"
72,-0.138790672697128,0.0689432366751474,-0.539974482845328,0.345952825578524,0.257031910037281,"effect-dominated"
73,-0.140696393856125,0.0552523393634636,-0.403202635293049,0.535973518518916,0.348947108824985,"competitive"
74,-0.132771100950447,0.0501358754906913,-0.468463781043793,0.395513839960787,0.283418070559516,"effect-dominated"
75,-0.143097231405317,0.0335717806182135,-0.574153534641334,0.331968771436726,0.249231647584837,"effect-dominated"
76,-0.110203816496696,0.0736415541388609,-0.458269055822318,0.316618277395973,0.240478415674272,"effect-dominated"
77,-0.151639702365681,0.0296127081290702,-0.559305049983292,0.3719710376461,0.271121639917628,"effect-dominated"
78,-0.14371214295597,6.80741373154936e-05,-0.466204379648551,0.445629775246235,0.308259958999759,"effect-dominated"
79,-0.136060014236361,0.0730145243671891,-0.594480343048693,0.296801877414257,0.228872183626123,"effect-dominated"
80,-0.138787727145387,0.0577406750167068,-0.526585503675517,0.357886856359021,0.263561617584725,"effect-dominated"
81,-0.130962755218906,0.0761737322609552,-0.551847711528008,0.311160456689561,0.237316840286035,"effect-dominated"
82,-0.136135585340131,0.0790232387923642,-0.393083515657363,0.529817792935932,0.346327383157924,"competitive"
83,-0.142214678744186,0.0281569727147967,-0.46159427545457,0.44528417033837,0.308094546025589,"effect-dominated"
84,-0.144509169734049,0.0724399595487,-0.537481202467175,0.367733980275864,0.268863672014418,"effect-dominated"
85,-0.169266873430416,0.0290137433863006,-0.531513659812662,0.467269496358773,0.318461944120262,"effect-dominated"
86,-0.156534902034646,0.0188613053823012,-0.544425956078639,0.403553782441429,0.28752284913476,"effect-dominated"
87,-0.145909190066918,0.0784326593510853,-0.566098753042277,0.347246107289615,0.25774511829038,"effect-dominated"
88,-0.150853016500141,0.0337008171354106,-0.511811992035345,0.417922885215603,0.294743028392588,"effect-dominated"
89,-0.151773252433235,0.035753359274875,-0.562753530165665,0.369295707498761,0.269697557274417,"effect-dominated"
90,-0.165474001841763,5.16326363726493e-05,-0.5165854653158,0.471286241139772,0.320322604780615,"effect-dominated"
91,-0.140907930252123,0.0518655951449554,-0.482422440182189,0.412597199108693,0.292084112420037,"effect-dominated"
92,-0.121410800791866,0.0595342771946663,-0.545481838017737,0.286298261692415,0.222575331257717,"effect-dominated"
93,-0.167441697887049,0.0434320195008959,-0.529097285594195,0.462986619254551,0.316466749019523,"effect-dominated"
94,-0.159188055081973,4.15624441540971e-05,-0.466436585632032,0.518108434227439,0.341285525161517,"competitive"
95,-0.180877685392766,0.0591537593407584,-0.507660939116568,0.553509653054756,0.356296243133319,"competitive"
96,-0.148904520661671,0.064707144748712,-0.543096282129666,0.377746404712116,0.274177020836463,"effect-dominated"
97,-0.152888436645118,0.0331099830186593,-0.553784913538152,0.381366376252569,0.27607909299715,"effect-dominated"
98,-0.152491920911744,0.0500089648957719,-0.59207196676523,0.346903646674103,0.257556394275648,"effect-dominated"
99,-0.143159455378023,0.0118282878883951,-0.596151345199996,0.316030945795266,0.240139448699887,"effect-dominated"
100,-0.149867497997824,0.0649655601449281,-0.552288480459527,0.372414721223156,0.271357276677449,"effect-dominated"
101,-0.154721603990067,0.084353078798516,-0.533273143078179,0.408720050016898,0.290135751253058,"effect-dominated"
102,-0.127699725797954,0.0667983580387599,-0.505785010262003,0.337753758332525,0.252478272797773,"effect-dominated"
103,-0.137611747123597,0.056999215698144,-0.525391682869185,0.354870725477352,0.261922203206747,"effect-dominated"
104,-0.142811111529604,0.0467357594313434,-0.435589661781707,0.487778600606614,0.327856981144729,"effect-dominated"
105,-0.140910649026229,0.0484252523890813,-0.417273919447256,0.509874734119185,0.337693401046697,"competitive"
106,-0.159349068652876,0.0290690843781951,-0.527413657740495,0.432937786946256,0.302132996205573,"effect-dominated"
107,-0.148519977477397,0.0602890957281905,-0.565962023959528,0.355785859927156,0.262420394284295,"effect-dominated"
108,-0.12163312817994,0.0584131851642475,-0.396901562152369,0.441870963643159,0.306456662756207,"effect-dominated"
109,-0.173423543663552,0.080069398382907,-0.574566304918165,0.432323752075578,0.301833821752309,"effect-dominated"
110,-0.158969155688167,0.0442418272795637,-0.490945318598354,0.478857139303625,0.323802162208253,"effect-dominated"
111,-0.150677097331766,0.063703999431198,-0.469412056349583,0.472734769339637,0.32099111067474,"effect-dominated"
112,-0.16375662739938,0.043558290114385,-0.636320694777312,0.346527886277938,0.25734920888702,"effect-dominated"
113,-0.132614329536939,0.0487160640548008,-0.422319747588012,0.457755779747134,0.314014038638583,"effect-dominated"
114,-0.142862044895233,0.0400493172840387,-0.565998836605,0.337626147605769,0.252406958558705,"effect-dominated"
115,-0.168983076381813,0.0533556573964972,-0.506114659735112,0.501237750260633,0.333882991001,"competitive"
116,-0.152106739259013,0.0740220524560184,-0.539340012830904,0.392803897908774,0.282023835874203,"effect-dominated"
117,-0.121177282262956,0.110983101056313,-0.444968557366225,0.374245050995609,0.272327741493031,"effect-dominated"
118,-0.160218006828152,2.27417529088799e-05,-0.436367217794711,0.580186364709745,0.367163252175205,"competitive"
119,-0.166665088168709,4.40794113391493e-05,-0.379977444887591,0.781319426273802,0.438618371724706,"competitive"
120,-0.176853879331869,0.0389918349665632,-0.514817580775857,0.523292526908187,0.343527272447341,"competitive"
121,-0.15422384955241,0.0223292737069496,-0.481625033311825,0.471054648555388,0.320215601111743,"effect-dominated"
122,-0.194014257540418,0.040791584279012,-0.455054639592665,0.743234652106764,0.426353762075884,"competitive"
123,-0.139764317379719,3.16890186749703e-05,-0.573897744609448,0.321938622122643,0.243535226776039,"effect-dominated"
124,-0.136101354353986,0.0483688630116346,-0.548476073021512,0.330042915321676,0.248144560990992,"effect-dominated"
125,-0.136186676371428,0.0945884779197558,-0.438600924874131,0.450331547027653,0.310502483346359,"effect-dominated"
126,-0.160191859447161,0.0574783850539558,-0.447258593910603,0.558030033492304,0.35816384889673,"competitive"
127,-0.137164076183906,0.0669376245448912,-0.510220997634588,0.367675998747123,0.268832676075282,"effect-dominated"
128,-0.140186775017812,0.0806616110729724,-0.500527716829571,0.389039264628011,0.280077946343869,"effect-dominated"
129,-0.132304495462083,0.0811944838799467,-0.499671590487757,0.360142476703953,0.264782905373773,"effect-dominated"
130,-0.122860468285307,0.0123678035400787,-0.555825673267867,0.28376522379034,0.221041369973022,"effect-dominated"
131,-0.170772513406952,0.0295782796013196,-0.481729451549414,0.549183801548477,0.35449880188493,"competitive"
132,-0.178614714466183,0.0577589096095224,-0.408536664960001,0.776849335535648,0.437206081573292,"competitive"
133,-0.150604632159369,5.95653159132525e-05,-0.490734989507871,0.442785034930173,0.306896054651414,"effect-dominated"
134,-0.139799915225875,0.0623483117624739,-0.457558169014018,0.439956833722667,0.305534737861039,"effect-dominated"
135,-0.142655692463341,0.0155189206539818,-0.528176302946682,0.370033893348759,0.270091050407731,"effect-dominated"
136,-0.158792674217498,0.000127099380349345,-0.354414701873266,0.811732073940681,0.448042006661112,"competitive"
137,-0.154771894821611,0.0209675747478156,-0.478975690174306,0.477390755568538,0.323131002254597,"effect-dominated"
138,-0.127589628100288,0.0638876507799323,-0.546440209129356,0.304618481814719,0.23349238575173,"effect-dominated"
139,-0.182327201634567,0.0528992699043315,-0.580130900533433,0.458334606086508,0.31428631273893,"effect-dominated"
140,-0.157496754156531,0.0874837608979899,-0.463280819305943,0.51505873623459,0.339959583028891,"competitive"
141,-0.123431831613909,0.0749351401736114,-0.467145174355234,0.359112714768256,0.264225851812069,"effect-dominated"
142,-0.150986327722078,0.0279938863461638,-0.471928423326059,0.470447254474168,0.319934804218734,"effect-dominated"
143,-0.153794315827044,0.0458389165726452,-0.520592773536765,0.419288338307994,0.295421534152707,"effect-dominated"
144,-0.126317336222539,8.06169553081552e-05,-0.559139284983065,0.291845957868529,0.225913899479205,"effect-dominated"
145,-0.175915002075223,0.037444531731877,-0.615070912775121,0.400575280416607,0.286007675572751,"effect-dominated"
146,-0.165496986318532,0.0763628152323364,-0.481754336235633,0.523298466776858,0.343529832262028,"competitive"
147,-0.121771809782643,0.0686352748401578,-0.491866227210715,0.329029037046497,0.247570991960942,"effect-dominated"
148,-0.166193732310299,0.0664506911166814,-0.479491644723834,0.530465495381062,0.346604021444459,"competitive"
149,-0.130826391234852,0.045154818089895,-0.465823292419701,0.390530153479427,0.280849827313871,"effect-dominated"
150,-0.174509646688444,0.0305265097638615,-0.368966826784044,0.897419404121002,0.47296839179145,"competitive"
151,-0.124528807760373,0.0729907446592429,-0.414627555073741,0.429263514281415,0.300338957786405,"effect-dominated"
152,-0.0938690797040064,0.0421878640620353,-0.499720206402894,0.231289439720222,0.187843274098717,"effect-dominated"
153,-0.183470580981436,0.0135039624953966,-0.552626951098134,0.49699963439189,0.331997164844854,"effect-dominated"
154,-0.159372344316827,0.0697551840533034,-0.419826603247283,0.611901471572327,0.379614686358868,"competitive"
155,-0.139771458083994,0.0752167139885058,-0.430346544120461,0.481016662476195,0.324788150372296,"effect-dominated"
156,-0.158757982307586,0.0783670563035883,-0.524233144162203,0.43438788425994,0.302838506255272,"effect-dominated"
157,-0.17053383316463,0.0493486859615378,-0.57237671086912,0.42437938464605,0.29793985311821,"effect-dominated"
158,-0.134352460241589,0.045625372697818,-0.509793811357336,0.357852058230445,0.263542744632135,"effect-dominated"
159,-0.166892471211039,0.045035849169409,-0.447589262654974,0.594564940883458,0.372869693569234,"competitive"
160,-0.1429486944443,0.0683346596782745,-0.607972888141819,0.307400553308164,0.235123468879019,"effect-dominated"
161,-0.174827059520454,0.000120664656329317,-0.458363328777606,0.61659504788749,0.381415895522651,"competitive"
162,-0.157801254925842,0.085785525066965,-0.533536082954209,0.419980377528188,0.295764916314733,"effect-dominated"
163,-0.123491440818106,0.0770384389802825,-0.465366667687115,0.361217868720925,0.265363743028399,"effect-dominated"
164,-0.182812670554437,0.0387644152720598,-0.544820222534401,0.504996842067415,0.335546778539216,"competitive"
165,-0.1282087644547,0.0503346698894916,-0.615723702146052,0.262984279131709,0.208224507206462,"effect-dominated"
166,-0.11299918637774,0.0533579920613486,-0.516232724773835,0.280232608694223,0.218891947284523,"effect-dominated"
167,-0.135473328926838,0.0958699467755025,-0.530048641328586,0.343339597457891,0.255586597839906,"effect-dominated"
168,-0.193180447886433,0.0447189851654499,-0.446327844358547,0.763114496054923,0.432821860271944,"competitive"
169,-0.180603274952148,0.0416672607346312,-0.367185193319636,0.967957005332297,0.491858817397717,"competitive"
170,-0.198303249867248,2.83691781345332e-05,-0.47191221994568,0.724768818107109,0.420212152781452,"competitive"
171,-0.173424795395934,0.0533764481988697,-0.474488658749285,0.576039892215128,0.365498294212275,"competitive"
172,-0.15325450645569,0.0724841918868882,-0.433578397100813,0.54670512064811,0.353464350346902,"competitive"
173,-0.171781276239672,0.0533196993253203,-0.460564506823303,0.59484505347662,0.372979840380049,"competitive"
174,-0.158109531902112,0.0490526142443258,-0.570711752424252,0.38320087492992,0.27703920802489,"effect-dominated"
175,-0.131433429184529,0.0382157831650419,-0.659665304130062,0.248817679164253,0.199242598271646,"effect-dominated"
176,-0.165433232058039,0.00905505959000952,-0.466155365258141,0.550119907362984,0.354888615229019,"competitive"
177,-0.137622285960295,0.0444357602571484,-0.431628761796898,0.468092702953862,0.318844104334856,"effect-dominated"
178,-0.151058421779967,0.0713990524742806,-0.565728861193447,0.364285484139232,0.267015583156388,"effect-dominated"
179,-0.139913916326437,5.11502073520587e-05,-0.570956402571448,0.324594258782434,0.245051838802926,"effect-dominated"
180,-0.159672148555106,0.0615996107248225,-0.500514759907005,0.46846298918375,0.319015863957284,"effect-dominated"
181,-0.169930862839315,0.000145367843591587,-0.57017875910101,0.424564037503918,0.298030854581888,"effect-dominated"
182,-0.134922654866076,0.000337641872227547,-0.477752684773269,0.393555532176107,0.282411086669471,"effect-dominated"
183,-0.126818653551011,0.0696881292109651,-0.461861469205233,0.378514767742083,0.274581583454536,"effect-dominated"
184,-0.141395340355143,0.0219378795256945,-0.536941375654451,0.357468733691514,0.263334782466341,"effect-dominated"
185,-0.153605096034146,0.0735647578723189,-0.519321241301194,0.420011798828249,0.295780499271084,"effect-dominated"
186,-0.161833414598742,0.0532653995577435,-0.535350262950629,0.433269383463742,0.302294452433409,"effect-dominated"
187,-0.136705909445247,0.0517135013155646,-0.617676784198815,0.284229080430888,0.221322725642938,"effect-dominated"
188,-0.185114777331148,0.000179218379813483,-0.555895151623342,0.499257215769648,0.333003043452656,"effect-dominated"
189,-0.159985690223539,0.0712592044719664,-0.541963696290152,0.41883482211706,0.295196322777102,"effect-dominated"
190,-0.134314039887043,0.0388734847652681,-0.528636685616624,0.340619645718124,0.254076274956918,"effect-dominated"
191,-0.171939054340924,0.0950634762834973,-0.53128514275866,0.478477601072554,0.323628576263479,"effect-dominated"
192,-0.205672510518657,4.75712637340842e-05,-0.589754070306839,0.535491760219064,0.34874284193011,"competitive"
193,-0.162836942510052,0.0487866483334883,-0.544002782433545,0.427207596941887,0.29933108389927,"effect-dominated"
194,-0.115271368438628,0.0200472562806416,-0.468811909905876,0.326048514719793,0.245879778228695,"effect-dominated"
195,-0.136512496876497,0.0648738705061592,-0.45546577136992,0.428001553184594,0.299720649624018,"effect-dominated"
196,-0.164439731885666,0.0621144150382899,-0.58716665563656,0.388997536344688,0.280056318435511,"effect-dominated"
197,-0.138869087789574,0.0546318051160075,-0.49681835838352,0.387957454303926,0.279516820274934,"effect-dominated"
198,-0.181697374769951,0.0620043118895915,-0.67018176450155,0.37196147633251,0.271116560303739,"effect-dominated"
199,-0.179292177736656,0.0803908239880568,-0.540519202982911,0.49634209293845,0.331703622641368,"effect-dominated"
200,-0.126025357022578,0.0612998635514416,-0.555727264732388,0.29328554228269,0.226775551642703,"effect-dominated"
