"score","x_bd","y_bd","x_ed","y_ed"
"Calibrated P alone",1,1,0.00133461538461538,0.00368888888888889
"Calibrated P alone",0.993412280701754,0.999742063492064,0.00257948717948718,0.00682222222222222
"Calibrated P alone",0.986640350877193,0.999359126984127,0.00514615384615385,0.0134
"Calibrated P alone",0.979993421052632,0.998988095238095,0.00773974358974359,0.0199777777777778
"Calibrated P alone",0.973493421052632,0.9985,0.0103423076923077,0.0265333333333333
"Calibrated P alone",0.966934210526316,0.998063492063492,0.0129435897435897,0.0331
"Calibrated P alone",0.960515350877193,0.9975,0.0155705128205128,0.0395555555555556
"Calibrated P alone",0.954105263157895,0.996930555555556,0.0181538461538462,0.0461944444444444
"Calibrated P alone",0.947701754385965,0.996353174603175,0.0207384615384615,0.0528333333333333
"Calibrated P alone",0.941396929824561,0.995686507936508,0.0233358974358974,0.0594166666666667
"Calibrated P alone",0.93508552631579,0.995027777777778,0.0260179487179487,0.0656277777777778
"Calibrated P alone",0.928822368421053,0.994323412698413,0.0286102564102564,0.0722333333333333
"Calibrated P alone",0.92256798245614,0.993611111111111,0.0311717948717949,0.0789722222222222
"Calibrated P alone",0.916379385964912,0.992839285714286,0.0338371794871795,0.0852611111111111
"Calibrated P alone",0.910225877192982,0.992037698412698,0.0364974358974359,0.0915666666666667
"Calibrated P alone",0.904098684210526,0.991210317460318,0.0391179487179487,0.09805
"Calibrated P alone",0.897984649122807,0.990371031746032,0.0417448717948718,0.104505555555556
"Calibrated P alone",0.892015350877193,0.989402777777778,0.0443820512820513,0.110911111111111
"Calibrated P alone",0.88597149122807,0.9885,0.0470346153846154,0.117255555555556
"Calibrated P alone",0.880024122807018,0.987509920634921,0.0496961538461538,0.123561111111111
"Calibrated P alone",0.874114035087719,0.986488095238095,0.0524064102564103,0.12965
"Calibrated P alone",0.868212719298246,0.985456349206349,0.0550871794871795,0.135872222222222
"Calibrated P alone",0.862276315789474,0.984456349206349,0.0577179487179487,0.142311111111111
"Calibrated P alone",0.856357456140351,0.983440476190476,0.0603717948717949,0.14865
"Calibrated P alone",0.850464912280702,0.982402777777778,0.0630230769230769,0.154994444444444
"Calibrated P alone",0.844598684210526,0.981339285714286,0.0656807692307692,0.161316666666667
"Calibrated P alone",0.838809210526316,0.980206349206349,0.0683666666666667,0.167516666666667
"Calibrated P alone",0.833094298245614,0.979007936507936,0.0710525641025641,0.173711111111111
"Calibrated P alone",0.827300438596491,0.977878968253968,0.0737179487179487,0.18
"Calibrated P alone",0.82156798245614,0.976694444444444,0.0763769230769231,0.186316666666667
"Calibrated P alone",0.815875,0.97547619047619,0.0791038461538461,0.192333333333333
"Calibrated P alone",0.810199561403509,0.974240079365079,0.081825641025641,0.198377777777778
"Calibrated P alone",0.804587719298246,0.972946428571429,0.0845730769230769,0.204311111111111
"Calibrated P alone",0.798964912280702,0.971662698412698,0.0872564102564103,0.210522222222222
"Calibrated P alone",0.793280701754386,0.970436507936508,0.0899564102564103,0.216655555555556
"Calibrated P alone",0.787622807017544,0.969184523809524,0.0926269230769231,0.222922222222222
"Calibrated P alone",0.782052631578947,0.967853174603175,0.095401282051282,0.228738888888889
"Calibrated P alone",0.776508771929825,0.9665,0.098225641025641,0.234333333333333
"Calibrated P alone",0.770910087719298,0.965194444444444,0.100942307692308,0.2404
"Calibrated P alone",0.765456140350877,0.963757936507937,0.103719230769231,0.246205555555556
"Calibrated P alone",0.759896929824561,0.962418650793651,0.106458974358974,0.252166666666667
"Calibrated P alone",0.754339912280702,0.961075396825397,0.109188461538462,0.258177777777778
"Calibrated P alone",0.748811403508772,0.959706349206349,0.111932051282051,0.264127777777778
"Calibrated P alone",0.743438596491228,0.958196428571429,0.114724358974359,0.269866666666667
"Calibrated P alone",0.737918859649123,0.956821428571429,0.117471794871795,0.275794444444444
"Calibrated P alone",0.732539473684211,0.95531746031746,0.12024358974359,0.281622222222222
"Calibrated P alone",0.727021929824561,0.953938492063492,0.122951282051282,0.287727777777778
"Calibrated P alone",0.721589912280702,0.952484126984127,0.125778205128205,0.293311111111111
"Calibrated P alone",0.716223684210526,0.950968253968254,0.128555128205128,0.299116666666667
"Calibrated P alone",0.710831140350877,0.94947619047619,0.13130641025641,0.305033333333333
"Calibrated P alone",0.705497807017544,0.94793253968254,0.134120512820513,0.310672222222222
"Calibrated P alone",0.700160087719298,0.946390873015873,0.136947435897436,0.316261111111111
"Calibrated P alone",0.694864035087719,0.944811507936508,0.139712820512821,0.322116666666667
"Calibrated P alone",0.689605263157895,0.943198412698413,0.142510256410256,0.327833333333333
"Calibrated P alone",0.68431798245614,0.941613095238095,0.145308974358974,0.333538888888889
"Calibrated P alone",0.679118421052632,0.939946428571429,0.148147435897436,0.339077777777778
"Calibrated P alone",0.673752192982456,0.938430555555556,0.150938461538462,0.344822222222222
"Calibrated P alone",0.668635964912281,0.936690476190476,0.153755128205128,0.35045
"Calibrated P alone",0.66347149122807,0.934992063492064,0.156629487179487,0.355833333333333
"Calibrated P alone",0.658296052631579,0.933303571428571,0.159403846153846,0.36165
"Calibrated P alone",0.653140350877193,0.931599206349206,0.162232051282051,0.367227777777778
"Calibrated P alone",0.64806798245614,0.92981746031746,0.165146153846154,0.372438888888889
"Calibrated P alone",0.64291447368421,0.928109126984127,0.167953846153846,0.378111111111111
"Calibrated P alone",0.637743421052632,0.926416666666667,0.170747435897436,0.383844444444444
"Calibrated P alone",0.632552631578947,0.924744047619048,0.173564102564103,0.389472222222222
"Calibrated P alone",0.627434210526316,0.923003968253968,0.176423076923077,0.394922222222222
"Calibrated P alone",0.622276315789474,0.921299603174603,0.179248717948718,0.400516666666667
"Calibrated P alone",0.617098684210526,0.919615079365079,0.181996153846154,0.406444444444444
"Calibrated P alone",0.612070175438597,0.917793650793651,0.184776923076923,0.412233333333333
"Calibrated P alone",0.607061403508772,0.915954365079365,0.187685897435897,0.417466666666667
"Calibrated P alone",0.602146929824561,0.914031746031746,0.190602564102564,0.422661111111111
"Calibrated P alone",0.597230263157895,0.912109126984127,0.19348717948718,0.428
"Calibrated P alone",0.592412280701754,0.910097222222222,0.196424358974359,0.433111111111111
"Calibrated P alone",0.587377192982456,0.908281746031746,0.199239743589744,0.43875
"Calibrated P alone",0.582524122807018,0.906303571428571,0.202088461538462,0.444238888888889
"Calibrated P alone",0.577607456140351,0.904380952380952,0.204952564102564,0.449666666666667
"Calibrated P alone",0.57266447368421,0.902482142857143,0.207817948717949,0.455088888888889
"Calibrated P alone",0.567809210526316,0.900505952380952,0.210705128205128,0.460411111111111
"Calibrated P alone",0.563019736842105,0.898468253968254,0.213652564102564,0.465477777777778
"Calibrated P alone",0.558217105263158,0.89644246031746,0.216553846153846,0.470744444444444
"Calibrated P alone",0.553269736842105,0.894549603174603,0.219425641025641,0.476133333333333
"Calibrated P alone",0.548497807017544,0.892496031746032,0.22235641025641,0.481272222222222
"Calibrated P alone",0.543765350877193,0.890406746031746,0.225294871794872,0.486377777777778
"Calibrated P alone",0.539019736842105,0.888329365079365,0.228229487179487,0.4915
"Calibrated P alone",0.534291666666667,0.886238095238095,0.231147435897436,0.496688888888889
"Calibrated P alone",0.529552631578947,0.884154761904762,0.234101282051282,0.501727777777778
"Calibrated P alone",0.524793859649123,0.882089285714286,0.237035897435897,0.50685
"Calibrated P alone",0.520118421052632,0.879950396825397,0.240014102564103,0.511777777777778
"Calibrated P alone",0.515482456140351,0.87777380952381,0.243007692307692,0.516644444444444
"Calibrated P alone",0.510991228070175,0.87546626984127,0.246034615384615,0.521366666666667
"Calibrated P alone",0.506429824561404,0.873224206349206,0.248973076923077,0.526466666666667
"Calibrated P alone",0.501760964912281,0.871077380952381,0.251933333333333,0.531477777777778
"Calibrated P alone",0.49716447368421,0.868865079365079,0.254914102564103,0.5364
"Calibrated P alone",0.492526315789474,0.866690476190476,0.257879487179487,0.541388888888889
"Calibrated P alone",0.487956140350877,0.864456349206349,0.260821794871795,0.546472222222222
"Calibrated P alone",0.483524122807018,0.862095238095238,0.263802564102564,0.551394444444444
"Calibrated P alone",0.47909649122807,0.859730158730159,0.266811538461538,0.556194444444444
"Calibrated P alone",0.474497807017544,0.857521825396825,0.269734615384615,0.561361111111111
"Calibrated P alone",0.470072368421053,0.855154761904762,0.272648717948718,0.566572222222222
"Calibrated P alone",0.465550438596491,0.852875,0.275689743589744,0.571233333333333
"Calibrated P alone",0.461171052631579,0.850468253968254,0.278679487179487,0.576111111111111
"Calibrated P alone",0.456809210526316,0.848043650793651,0.281792307692308,0.580461111111111
"Calibrated P alone",0.452434210526316,0.845630952380952,0.284848717948718,0.585055555555556
"Calibrated P alone",0.448065789473684,0.843214285714286,0.287915384615385,0.5896
"Calibrated P alone",0.44375,0.840748015873016,0.290944871794872,0.594311111111111
"Calibrated P alone",0.439383771929825,0.838327380952381,0.294048717948718,0.5987
"Calibrated P alone",0.435146929824561,0.835789682539683,0.297085897435897,0.603377777777778
"Calibrated P alone",0.430918859649123,0.833246031746032,0.300166666666667,0.607861111111111
"Calibrated P alone",0.426627192982456,0.830757936507937,0.30324358974359,0.612366666666667
"Calibrated P alone",0.422515350877193,0.828107142857143,0.306334615384615,0.616811111111111
"Calibrated P alone",0.41825,0.825597222222222,0.309389743589744,0.621405555555556
"Calibrated P alone",0.41418201754386,0.822906746031746,0.312541025641026,0.625588888888889
"Calibrated P alone",0.409868421052632,0.820438492063492,0.315570512820513,0.6303
"Calibrated P alone",0.40568201754386,0.817857142857143,0.318641025641026,0.634827777777778
"Calibrated P alone",0.401506578947368,0.815263888888889,0.321684615384615,0.639477777777778
"Calibrated P alone",0.397447368421053,0.812565476190476,0.324794871794872,0.643838888888889
"Calibrated P alone",0.393309210526316,0.809938492063492,0.327902564102564,0.648211111111111
"Calibrated P alone",0.389230263157895,0.807259920634921,0.331020512820513,0.652533333333333
"Calibrated P alone",0.385217105263158,0.804519841269841,0.334121794871795,0.656933333333333
"Calibrated P alone",0.381258771929825,0.801730158730159,0.337232051282051,0.661294444444444
"Calibrated P alone",0.377379385964912,0.798871031746032,0.340367948717949,0.665538888888889
"Calibrated P alone",0.37340350877193,0.796097222222222,0.343488461538462,0.669855555555556
"Calibrated P alone",0.369469298245614,0.793285714285714,0.346675641025641,0.673883333333333
"Calibrated P alone",0.365519736842105,0.790490079365079,0.349801282051282,0.678172222222222
"Calibrated P alone",0.361541666666667,0.787718253968254,0.352908974358974,0.682544444444444
"Calibrated P alone",0.357662280701754,0.784857142857143,0.356130769230769,0.686422222222222
"Calibrated P alone",0.353804824561403,0.78197619047619,0.3593,0.690527777777778
"Calibrated P alone",0.349896929824561,0.779142857142857,0.362480769230769,0.694577777777778
"Calibrated P alone",0.34603947368421,0.776261904761905,0.365653846153846,0.698666666666667
"Calibrated P alone",0.342293859649123,0.773279761904762,0.368884615384615,0.702505555555556
"Calibrated P alone",0.338548245614035,0.770299603174603,0.37205,0.706622222222222
"Calibrated P alone",0.33472149122807,0.767390873015873,0.375265384615385,0.710527777777778
"Calibrated P alone",0.331015350877193,0.764373015873016,0.378453846153846,0.71455
"Calibrated P alone",0.327291666666667,0.761373015873016,0.381632051282051,0.718611111111111
"Calibrated P alone",0.323611842105263,0.758331349206349,0.384874358974359,0.7224
"Calibrated P alone",0.319918859649123,0.755301587301587,0.388084615384615,0.726327777777778
"Calibrated P alone",0.316265350877193,0.752236111111111,0.391276923076923,0.730333333333333
"Calibrated P alone",0.312629385964912,0.749156746031746,0.394498717948718,0.734205555555556
"Calibrated P alone",0.309138157894737,0.745944444444444,0.397742307692308,0.737988888888889
"Calibrated P alone",0.305622807017544,0.742753968253968,0.400971794871795,0.741833333333333
"Calibrated P alone",0.302035087719298,0.739630952380952,0.404219230769231,0.745594444444444
"Calibrated P alone",0.298513157894737,0.736446428571429,0.407494871794872,0.749238888888889
"Calibrated P alone",0.295026315789474,0.733230158730159,0.41073717948718,0.753027777777778
"Calibrated P alone",0.291627192982456,0.729936507936508,0.414025641025641,0.756611111111111
"Calibrated P alone",0.288168859649123,0.726694444444444,0.41728717948718,0.760316666666667
"Calibrated P alone",0.284739035087719,0.723426587301587,0.42056282051282,0.763961111111111
"Calibrated P alone",0.281326754385965,0.720142857142857,0.423875641025641,0.767444444444444
"Calibrated P alone",0.278008771929825,0.716775793650794,0.427228205128205,0.77075
"Calibrated P alone",0.274725877192982,0.713375,0.430564102564103,0.774133333333333
"Calibrated P alone",0.271313596491228,0.71009126984127,0.433852564102564,0.777722222222222
"Calibrated P alone",0.26790350877193,0.70680753968254,0.437144871794872,0.781288888888889
"Calibrated P alone",0.264616228070175,0.703410714285714,0.440447435897436,0.784816666666667
"Calibrated P alone",0.261304824561404,0.700035714285714,0.44378717948718,0.788183333333333
"Calibrated P alone",0.258092105263158,0.696573412698413,0.447174358974359,0.791338888888889
"Calibrated P alone",0.254855263157895,0.693130952380952,0.450560256410256,0.794505555555556
"Calibrated P alone",0.251743421052632,0.689575396825397,0.453958974358974,0.797616666666667
"Calibrated P alone",0.248594298245614,0.686053571428571,0.457328205128205,0.800855555555556
"Calibrated P alone",0.245451754385965,0.682527777777778,0.460671794871795,0.8042
"Calibrated P alone",0.24219298245614,0.679105158730159,0.464016666666667,0.807544444444444
"Calibrated P alone",0.239085526315789,0.675545634920635,0.467438461538462,0.810555555555556
"Calibrated P alone",0.235892543859649,0.672065476190476,0.470802564102564,0.813811111111111
"Calibrated P alone",0.232815789473684,0.668478174603175,0.474188461538462,0.816977777777778
"Calibrated P alone",0.229826754385965,0.664811507936508,0.477644871794872,0.819838888888889
"Calibrated P alone",0.226809210526316,0.661172619047619,0.481035897435897,0.822977777777778
"Calibrated P alone",0.223890350877193,0.65744246031746,0.484444871794872,0.826044444444444
"Calibrated P alone",0.220947368421053,0.653734126984127,0.487891025641026,0.82895
"Calibrated P alone",0.217964912280702,0.650061507936508,0.491338461538462,0.83185
"Calibrated P alone",0.215,0.646375,0.49478717948718,0.834738888888889
"Calibrated P alone",0.212081140350877,0.642644841269841,0.49824358974359,0.8376
"Calibrated P alone",0.209269736842105,0.63881746031746,0.50170641025641,0.840433333333333
"Calibrated P alone",0.206464912280702,0.634986111111111,0.505192307692308,0.843161111111111
"Calibrated P alone",0.203719298245614,0.631099206349206,0.508717948717949,0.845722222222222
"Calibrated P alone",0.200883771929825,0.627293650793651,0.512191025641026,0.848511111111111
"Calibrated P alone",0.198155701754386,0.623392857142857,0.515666666666667,0.851283333333333
"Calibrated P alone",0.195396929824561,0.619517857142857,0.519194871794872,0.853833333333333
"Calibrated P alone",0.192690789473684,0.615595238095238,0.522734615384615,0.856333333333333
"Calibrated P alone",0.189929824561404,0.611722222222222,0.526198717948718,0.859161111111111
"Calibrated P alone",0.187260964912281,0.607767857142857,0.529697435897436,0.861833333333333
"Calibrated P alone",0.184697368421053,0.60371626984127,0.533261538461538,0.864227777777778
"Calibrated P alone",0.182151315789474,0.59964880952381,0.536825641025641,0.866622222222222
"Calibrated P alone",0.179482456140351,0.595694444444444,0.540342307692308,0.869216666666667
"Calibrated P alone",0.176914473684211,0.591646825396825,0.543889743589744,0.871683333333333
"Calibrated P alone",0.174392543859649,0.58755753968254,0.547453846153846,0.874077777777778
"Calibrated P alone",0.171885964912281,0.583456349206349,0.55104358974359,0.876355555555556
"Calibrated P alone",0.169309210526316,0.579416666666667,0.554583333333333,0.878855555555556
"Calibrated P alone",0.166782894736842,0.575331349206349,0.558147435897436,0.88125
"Calibrated P alone",0.164247807017544,0.571253968253968,0.561715384615385,0.883627777777778
"Calibrated P alone",0.161809210526316,0.56709126984127,0.565298717948718,0.885933333333333
"Calibrated P alone",0.159372807017544,0.562924603174603,0.568882051282051,0.888244444444444
"Calibrated P alone",0.157,0.558700396825397,0.572502564102564,0.890394444444444
"Calibrated P alone",0.154627192982456,0.554478174603175,0.576132051282051,0.8925
"Calibrated P alone",0.152276315789474,0.550234126984127,0.579726923076923,0.894761111111111
"Calibrated P alone",0.149877192982456,0.54603373015873,0.583347435897436,0.896911111111111
"Calibrated P alone",0.147526315789474,0.541791666666667,0.58695641025641,0.899105555555556
"Calibrated P alone",0.145328947368421,0.53740873015873,0.590630769230769,0.901022222222222
"Calibrated P alone",0.143026315789474,0.533121031746032,0.594274358974359,0.903072222222222
"Calibrated P alone",0.140774122807018,0.528787698412698,0.59791282051282,0.905144444444444
"Calibrated P alone",0.138478070175439,0.524496031746032,0.601534615384615,0.907283333333333
"Calibrated P alone",0.136188596491228,0.520196428571429,0.605180769230769,0.909322222222222
"Calibrated P alone",0.133975877192982,0.515827380952381,0.608851282051282,0.911255555555556
"Calibrated P alone",0.131745614035088,0.51147619047619,0.612538461538462,0.913111111111111
"Calibrated P alone",0.129510964912281,0.507126984126984,0.616208974358974,0.915044444444444
"Calibrated P alone",0.12743201754386,0.502636904761905,0.619930769230769,0.916755555555556
"Calibrated P alone",0.125399122807018,0.498107142857143,0.623652564102564,0.918461111111111
"Calibrated P alone",0.123315789473684,0.493621031746032,0.627347435897436,0.920288888888889
"Calibrated P alone",0.121274122807018,0.489097222222222,0.631058974358974,0.922044444444444
"Calibrated P alone",0.119291666666667,0.484521825396825,0.63478717948718,0.923722222222222
"Calibrated P alone",0.117239035087719,0.480007936507936,0.638514102564103,0.925411111111111
"Calibrated P alone",0.115118421052632,0.475555555555556,0.642214102564103,0.927216666666667
"Calibrated P alone",0.113094298245614,0.471015873015873,0.645946153846154,0.928883333333333
"Calibrated P alone",0.111195175438596,0.466365079365079,0.649673076923077,0.930566666666667
"Calibrated P alone",0.109353070175439,0.461660714285714,0.65340641025641,0.932227777777778
"Calibrated P alone",0.107407894736842,0.457049603174603,0.65714358974359,0.933872222222222
"Calibrated P alone",0.105486842105263,0.452418650793651,0.660938461538462,0.935261111111111
"Calibrated P alone",0.103563596491228,0.447787698412698,0.664697435897436,0.936811111111111
"Calibrated P alone",0.101706140350877,0.443097222222222,0.668473076923077,0.938288888888889
"Calibrated P alone",0.0997894736842105,0.438462301587302,0.67224358974359,0.939783333333333
"Calibrated P alone",0.0979078947368421,0.433793650793651,0.675997435897436,0.941355555555556
"Calibrated P alone",0.096109649122807,0.429049603174603,0.679765384615385,0.942866666666667
"Calibrated P alone",0.0943837719298246,0.424240079365079,0.683582051282051,0.944166666666667
"Calibrated P alone",0.0925767543859649,0.419505952380952,0.68735,0.945672222222222
"Calibrated P alone",0.0907258771929825,0.414809523809524,0.691135897435897,0.947105555555556
"Calibrated P alone",0.0890131578947368,0.409988095238095,0.694920512820513,0.948544444444444
"Calibrated P alone",0.0872543859649123,0.405210317460317,0.69874358974359,0.949811111111111
"Calibrated P alone",0.0854583333333333,0.400464285714286,0.702566666666667,0.951083333333333
"Calibrated P alone",0.0837719298245614,0.395619047619048,0.70639358974359,0.952338888888889
"Calibrated P alone",0.0820328947368421,0.390823412698413,0.710215384615385,0.953611111111111
"Calibrated P alone",0.0803947368421053,0.385934523809524,0.714046153846154,0.95485
"Calibrated P alone",0.0787609649122807,0.381041666666667,0.717888461538462,0.956038888888889
"Calibrated P alone",0.0771820175438596,0.376099206349206,0.721752564102564,0.957133333333333
"Calibrated P alone",0.0756666666666667,0.37110119047619,0.725635897435897,0.958138888888889
"Calibrated P alone",0.0741162280701754,0.366132936507936,0.729483333333333,0.959305555555556
"Calibrated P alone",0.0725438596491228,0.361184523809524,0.733339743589744,0.960433333333333
"Calibrated P alone",0.0709868421052632,0.356224206349206,0.737219230769231,0.961455555555556
"Calibrated P alone",0.0694978070175439,0.351200396825397,0.741044871794872,0.962716666666667
"Calibrated P alone",0.0679802631578947,0.346202380952381,0.744902564102564,0.963838888888889
"Calibrated P alone",0.0664605263157895,0.341208333333333,0.748803846153846,0.964766666666667
"Calibrated P alone",0.0649956140350877,0.336162698412698,0.752694871794872,0.965744444444444
"Calibrated P alone",0.063594298245614,0.331059523809524,0.756580769230769,0.966744444444444
"Calibrated P alone",0.0621732456140351,0.325974206349206,0.760464102564103,0.967755555555556
"Calibrated P alone",0.0607105263157895,0.320928571428571,0.764326923076923,0.96885
"Calibrated P alone",0.0593574561403509,0.315781746031746,0.768235897435897,0.96975
"Calibrated P alone",0.0580241228070175,0.310617063492063,0.772153846153846,0.970611111111111
"Calibrated P alone",0.0566951754385965,0.305450396825397,0.776069230769231,0.971477777777778
"Calibrated P alone",0.0553223684210526,0.300321428571429,0.779952564102564,0.972488888888889
"Calibrated P alone",0.0539824561403509,0.295162698412698,0.783875641025641,0.973327777777778
"Calibrated P alone",0.0527543859649123,0.289904761904762,0.787820512820513,0.974066666666667
"Calibrated P alone",0.0513684210526316,0.284787698412698,0.791746153846154,0.974894444444444
"Calibrated P alone",0.0500328947368421,0.279625,0.79565641025641,0.975788888888889
"Calibrated P alone",0.0487609649122807,0.274404761904762,0.799602564102564,0.976527777777778
"Calibrated P alone",0.0475438596491228,0.269136904761905,0.803539743589744,0.9773
"Calibrated P alone",0.0463179824561403,0.263875,0.807480769230769,0.978061111111111
"Calibrated P alone",0.0451425438596491,0.25856746031746,0.811434615384615,0.978766666666667
"Calibrated P alone",0.0439232456140351,0.253301587301587,0.815416666666667,0.979344444444444
"Calibrated P alone",0.0427061403508772,0.248031746031746,0.819384615384615,0.979988888888889
"Calibrated P alone",0.0415526315789474,0.242704365079365,0.823352564102564,0.980633333333333
"Calibrated P alone",0.0403684210526316,0.237406746031746,0.827323076923077,0.981261111111111
"Calibrated P alone",0.039140350877193,0.232146825396825,0.831276923076923,0.981966666666667
"Calibrated P alone",0.0380372807017544,0.22677380952381,0.83525,0.982588888888889
"Calibrated P alone",0.0369188596491228,0.221414682539683,0.839205128205128,0.983288888888889
"Calibrated P alone",0.0357828947368421,0.216073412698413,0.843201282051282,0.983805555555556
"Calibrated P alone",0.0346995614035088,0.21068253968254,0.847183333333333,0.984388888888889
"Calibrated P alone",0.0335767543859649,0.205327380952381,0.851148717948718,0.985044444444444
"Calibrated P alone",0.0325394736842105,0.199896825396825,0.855121794871795,0.985661111111111
"Calibrated P alone",0.0314802631578947,0.194484126984127,0.859119230769231,0.986177777777778
"Calibrated P alone",0.0304890350877193,0.189009920634921,0.863115384615385,0.9867
"Calibrated P alone",0.0294320175438596,0.183597222222222,0.867107692307692,0.987233333333333
"Calibrated P alone",0.0283289473684211,0.178224206349206,0.871082051282051,0.98785
"Calibrated P alone",0.0273004385964912,0.17278373015873,0.875088461538462,0.988327777777778
"Calibrated P alone",0.0263662280701754,0.167257936507936,0.87911282051282,0.988727777777778
"Calibrated P alone",0.0254298245614035,0.161736111111111,0.883132051282051,0.989144444444444
"Calibrated P alone",0.0244342105263158,0.156265873015873,0.887115384615385,0.989722222222222
"Calibrated P alone",0.0234912280701754,0.150748015873016,0.891130769230769,0.990161111111111
"Calibrated P alone",0.0225,0.145275793650794,0.895147435897436,0.990588888888889
"Calibrated P alone",0.021530701754386,0.139781746031746,0.89913717948718,0.991138888888889
"Calibrated P alone",0.0206184210526316,0.134236111111111,0.903157692307692,0.991555555555556
"Calibrated P alone",0.0196315789473684,0.128759920634921,0.907166666666667,0.992016666666667
"Calibrated P alone",0.0186754385964912,0.123253968253968,0.911176923076923,0.992477777777778
"Calibrated P alone",0.0177258771929825,0.117742063492063,0.915208974358974,0.992844444444444
"Calibrated P alone",0.016828947368421,0.11218253968254,0.91923717948718,0.993227777777778
"Calibrated P alone",0.0159956140350877,0.10656746031746,0.923271794871795,0.993577777777778
"Calibrated P alone",0.0151074561403509,0.101,0.927303846153846,0.993944444444444
"Calibrated P alone",0.0142280701754386,0.0954246031746032,0.931346153846154,0.994266666666667
"Calibrated P alone",0.0133837719298246,0.0898194444444444,0.935364102564103,0.994688888888889
"Calibrated P alone",0.0124649122807018,0.0842797619047619,0.939375641025641,0.995144444444444
"Calibrated P alone",0.0116425438596491,0.0786527777777778,0.943408974358974,0.995505555555556
"Calibrated P alone",0.0107697368421053,0.0730734126984127,0.947434615384615,0.995894444444444
"Calibrated P alone",0.00994736842105263,0.0674464285714286,0.951465384615385,0.996266666666667
"Calibrated P alone",0.0091469298245614,0.0617996031746032,0.955507692307692,0.996588888888889
"Calibrated P alone",0.00833114035087719,0.0561666666666667,0.959542307692308,0.996944444444444
"Calibrated P alone",0.00748026315789474,0.0505674603174603,0.963605128205128,0.997172222222222
"Calibrated P alone",0.00667324561403509,0.0449265873015873,0.967648717948718,0.997488888888889
"Calibrated P alone",0.00581359649122807,0.0393333333333333,0.971676923076923,0.997872222222222
"Calibrated P alone",0.00495614035087719,0.0337400793650794,0.975725641025641,0.998161111111111
"Calibrated P alone",0.00414912280701754,0.0280992063492063,0.979766666666667,0.998488888888889
"Calibrated P alone",0.00333114035087719,0.022468253968254,0.983830769230769,0.998716666666667
"Calibrated P alone",0.00246491228070175,0.0168829365079365,0.987866666666667,0.999061111111111
"Calibrated P alone",0.00164035087719298,0.0112579365079365,0.99191282051282,0.999366666666667
"Calibrated P alone",0.000859649122807018,0.00559325396825397,0.995946153846154,0.999727777777778
"Calibrated P alone",0,1.98412698412698e-06,1,1
"BAF-hat alone",1,1,0,5.55555555555556e-06
"BAF-hat alone",0.992958333333333,1,3.84615384615385e-06,0.0178222222222222
"BAF-hat alone",0.985921052631579,0.999996031746032,4.48717948717949e-05,0.0354833333333333
"BAF-hat alone",0.978888157894737,0.999988095238095,0.000130769230769231,0.05295
"BAF-hat alone",0.971879385964912,0.999960317460317,0.000282051282051282,0.0701277777777778
"BAF-hat alone",0.964885964912281,0.999916666666667,0.000493589743589744,0.08705
"BAF-hat alone",0.957912280701754,0.999855158730159,0.000783333333333333,0.103633333333333
"BAF-hat alone",0.950927631578947,0.999805555555556,0.0011025641025641,0.120083333333333
"BAF-hat alone",0.943967105263158,0.999732142857143,0.00148205128205128,0.136277777777778
"BAF-hat alone",0.93703947368421,0.999628968253968,0.00188333333333333,0.152377777777778
"BAF-hat alone",0.930131578947368,0.999509920634921,0.00233846153846154,0.168238888888889
"BAF-hat alone",0.923195175438597,0.999414682539683,0.00272820512820513,0.184388888888889
"BAF-hat alone",0.916263157894737,0.999315476190476,0.00314102564102564,0.200438888888889
"BAF-hat alone",0.90933552631579,0.999212301587302,0.00361538461538462,0.216222222222222
"BAF-hat alone",0.902416666666667,0.999103174603175,0.00407948717948718,0.232044444444444
"BAF-hat alone",0.895526315789474,0.99896626984127,0.00453974358974359,0.247888888888889
"BAF-hat alone",0.888620614035088,0.998843253968254,0.00502564102564103,0.263622222222222
"BAF-hat alone",0.881717105263158,0.998720238095238,0.00553589743589744,0.279244444444444
"BAF-hat alone",0.874848684210526,0.998563492063492,0.00603333333333333,0.294927777777778
"BAF-hat alone",0.867995614035088,0.998392857142857,0.00660641025641026,0.310283333333333
"BAF-hat alone",0.861151315789474,0.99821626984127,0.00722179487179487,0.32545
"BAF-hat alone",0.854304824561404,0.998039682539683,0.00783589743589744,0.340627777777778
"BAF-hat alone",0.847421052631579,0.997896825396825,0.00840897435897436,0.355983333333333
"BAF-hat alone",0.840594298245614,0.997702380952381,0.0091025641025641,0.370816666666667
"BAF-hat alone",0.833769736842105,0.997507936507936,0.00981153846153846,0.385577777777778
"BAF-hat alone",0.826936403508772,0.997319444444444,0.0105538461538462,0.4002
"BAF-hat alone",0.820146929824561,0.99709126984127,0.0113692307692308,0.414505555555556
"BAF-hat alone",0.813344298245614,0.996876984126984,0.0121871794871795,0.428794444444444
"BAF-hat alone",0.806559210526316,0.996644841269841,0.0130935897435897,0.442705555555556
"BAF-hat alone",0.799798245614035,0.996390873015873,0.0139948717948718,0.456638888888889
"BAF-hat alone",0.793041666666667,0.996134920634921,0.0149371794871795,0.470388888888889
"BAF-hat alone",0.786322368421053,0.995843253968254,0.0159564102564103,0.483811111111111
"BAF-hat alone",0.779592105263158,0.995561507936508,0.0169230769230769,0.497461111111111
"BAF-hat alone",0.772868421052632,0.99527380952381,0.0179653846153846,0.510783333333333
"BAF-hat alone",0.766151315789474,0.994982142857143,0.0190025641025641,0.524122222222222
"BAF-hat alone",0.759467105263158,0.99465873015873,0.0201282051282051,0.537083333333333
"BAF-hat alone",0.752730263157895,0.994382936507937,0.0212269230769231,0.550161111111111
"BAF-hat alone",0.746019736842105,0.994085317460317,0.0223666666666667,0.563055555555556
"BAF-hat alone",0.73933552631579,0.993761904761905,0.0235705128205128,0.575677777777778
"BAF-hat alone",0.732686403508772,0.993406746031746,0.0248487179487179,0.587977777777778
"BAF-hat alone",0.726,0.993087301587302,0.0260833333333333,0.600461111111111
"BAF-hat alone",0.719337719298246,0.992744047619048,0.0274076923076923,0.612561111111111
"BAF-hat alone",0.712714912280702,0.992365079365079,0.0287794871794872,0.624455555555556
"BAF-hat alone",0.706092105263158,0.991986111111111,0.0303,0.635705555555556
"BAF-hat alone",0.699429824561403,0.991644841269841,0.0317615384615385,0.647205555555556
"BAF-hat alone",0.69280701754386,0.991265873015873,0.0333166666666667,0.658305555555556
"BAF-hat alone",0.686258771929825,0.990819444444444,0.0348910256410256,0.669322222222222
"BAF-hat alone",0.679642543859649,0.990436507936508,0.0365846153846154,0.679816666666667
"BAF-hat alone",0.673046052631579,0.99003373015873,0.0382653846153846,0.690372222222222
"BAF-hat alone",0.666497807017544,0.989587301587302,0.0400602564102564,0.700433333333333
"BAF-hat alone",0.659921052631579,0.989168650793651,0.0419628205128205,0.710022222222222
"BAF-hat alone",0.653385964912281,0.988710317460317,0.0438923076923077,0.7195
"BAF-hat alone",0.646916666666667,0.98819246031746,0.0459115384615385,0.728588888888889
"BAF-hat alone",0.640394736842105,0.987722222222222,0.0479307692307692,0.737677777777778
"BAF-hat alone",0.633866228070175,0.987259920634921,0.0500205128205128,0.746455555555556
"BAF-hat alone",0.627410087719298,0.986730158730159,0.0521782051282051,0.754944444444444
"BAF-hat alone",0.620997807017544,0.986160714285714,0.054351282051282,0.763366666666667
"BAF-hat alone",0.614550438596491,0.985625,0.0565935897435897,0.771483333333333
"BAF-hat alone",0.608116228070175,0.985075396825397,0.058925641025641,0.779216666666667
"BAF-hat alone",0.601725877192982,0.984486111111111,0.0612461538461538,0.787
"BAF-hat alone",0.595326754385965,0.983906746031746,0.0636653846153846,0.79435
"BAF-hat alone",0.588896929824561,0.983353174603175,0.0660935897435897,0.801666666666667
"BAF-hat alone",0.582495614035088,0.98277380952381,0.0685923076923077,0.808677777777778
"BAF-hat alone",0.576061403508772,0.982224206349206,0.0711217948717949,0.815555555555556
"BAF-hat alone",0.569677631578947,0.981630952380952,0.0737217948717949,0.822122222222222
"BAF-hat alone",0.563375,0.980962301587302,0.0764166666666667,0.828283333333333
"BAF-hat alone",0.557065789473684,0.980299603174603,0.07905,0.834711111111111
"BAF-hat alone",0.550802631578947,0.979597222222222,0.081798717948718,0.840633333333333
"BAF-hat alone",0.544629385964912,0.978811507936508,0.0845653846153846,0.846483333333333
"BAF-hat alone",0.538379385964912,0.978095238095238,0.0873589743589744,0.852216666666667
"BAF-hat alone",0.532212719298246,0.977305555555556,0.090274358974359,0.857416666666667
"BAF-hat alone",0.525997807017544,0.97655753968254,0.0931641025641026,0.862733333333333
"BAF-hat alone",0.519745614035088,0.975843253968254,0.0961282051282051,0.867727777777778
"BAF-hat alone",0.513524122807018,0.97510119047619,0.0991205128205128,0.8726
"BAF-hat alone",0.50743201754386,0.974244047619048,0.102130769230769,0.877388888888889
"BAF-hat alone",0.50122149122807,0.973492063492064,0.105178205128205,0.882022222222222
"BAF-hat alone",0.495146929824561,0.972617063492063,0.108329487179487,0.886205555555556
"BAF-hat alone",0.489017543859649,0.971793650793651,0.111529487179487,0.890172222222222
"BAF-hat alone",0.48297149122807,0.970892857142857,0.114747435897436,0.894066666666667
"BAF-hat alone",0.476975877192982,0.969946428571429,0.117978205128205,0.897905555555556
"BAF-hat alone",0.471008771929825,0.96897619047619,0.121257692307692,0.901527777777778
"BAF-hat alone",0.465010964912281,0.968031746031746,0.124569230769231,0.905016666666667
"BAF-hat alone",0.458997807017544,0.96710119047619,0.127912820512821,0.908366666666667
"BAF-hat alone",0.453010964912281,0.966146825396825,0.131270512820513,0.911655555555556
"BAF-hat alone",0.447138157894737,0.96509126984127,0.134669230769231,0.914761111111111
"BAF-hat alone",0.441282894736842,0.964017857142857,0.138119230769231,0.91765
"BAF-hat alone",0.435368421052632,0.962998015873016,0.141614102564103,0.920344444444444
"BAF-hat alone",0.429616228070175,0.961833333333333,0.145069230769231,0.923205555555556
"BAF-hat alone",0.423824561403509,0.960702380952381,0.148579487179487,0.925833333333333
"BAF-hat alone",0.418032894736842,0.959571428571429,0.152139743589744,0.928244444444444
"BAF-hat alone",0.412206140350877,0.958474206349206,0.155702564102564,0.930638888888889
"BAF-hat alone",0.406458333333333,0.957303571428571,0.159333333333333,0.932744444444444
"BAF-hat alone",0.400782894736842,0.95606746031746,0.162953846153846,0.934894444444444
"BAF-hat alone",0.395052631578947,0.954880952380952,0.166555128205128,0.937127777777778
"BAF-hat alone",0.389473684210526,0.953559523809524,0.170229487179487,0.939038888888889
"BAF-hat alone",0.383857456140351,0.952269841269841,0.173882051282051,0.94105
"BAF-hat alone",0.378291666666667,0.950934523809524,0.177605128205128,0.942755555555556
"BAF-hat alone",0.372787280701754,0.949545634920635,0.181315384615385,0.944511111111111
"BAF-hat alone",0.367298245614035,0.948140873015873,0.185046153846154,0.946183333333333
"BAF-hat alone",0.361857456140351,0.94669246031746,0.188766666666667,0.9479
"BAF-hat alone",0.356418859649123,0.945244047619048,0.192544871794872,0.949361111111111
"BAF-hat alone",0.350997807017544,0.943777777777778,0.196324358974359,0.950822222222222
"BAF-hat alone",0.345660087719298,0.942236111111111,0.200133333333333,0.952155555555556
"BAF-hat alone",0.340206140350877,0.940801587301587,0.203934615384615,0.953516666666667
"BAF-hat alone",0.334870614035088,0.939257936507937,0.207755128205128,0.9548
"BAF-hat alone",0.329559210526316,0.93769246031746,0.211605128205128,0.955955555555556
"BAF-hat alone",0.324372807017544,0.936013888888889,0.215428205128205,0.957227777777778
"BAF-hat alone",0.31931798245614,0.934218253968254,0.219271794871795,0.958405555555556
"BAF-hat alone",0.314131578947368,0.932539682539683,0.223132051282051,0.959516666666667
"BAF-hat alone",0.309092105263158,0.930728174603175,0.227010256410256,0.96055
"BAF-hat alone",0.304078947368421,0.928894841269841,0.230903846153846,0.961511111111111
"BAF-hat alone",0.299032894736842,0.927089285714286,0.234819230769231,0.962383333333333
"BAF-hat alone",0.293953947368421,0.925313492063492,0.238717948717949,0.963327777777778
"BAF-hat alone",0.289083333333333,0.92335119047619,0.242625641025641,0.964227777777778
"BAF-hat alone",0.284094298245614,0.921494047619048,0.246552564102564,0.96505
"BAF-hat alone",0.279267543859649,0.919490079365079,0.250482051282051,0.965861111111111
"BAF-hat alone",0.27459649122807,0.917345238095238,0.254417948717949,0.966644444444444
"BAF-hat alone",0.269855263157895,0.915265873015873,0.258352564102564,0.967427777777778
"BAF-hat alone",0.265111842105263,0.913186507936508,0.262291025641026,0.9682
"BAF-hat alone",0.260421052631579,0.911059523809524,0.266244871794872,0.968905555555556
"BAF-hat alone",0.255736842105263,0.908928571428571,0.27020641025641,0.969572222222222
"BAF-hat alone",0.251173245614035,0.906686507936508,0.274148717948718,0.970327777777778
"BAF-hat alone",0.246664473684211,0.904394841269841,0.278128205128205,0.970922222222222
"BAF-hat alone",0.242197368421053,0.90206746031746,0.282103846153846,0.971527777777778
"BAF-hat alone",0.23772149122807,0.899746031746032,0.286069230769231,0.972183333333333
"BAF-hat alone",0.23330701754386,0.897369047619048,0.290046153846154,0.972788888888889
"BAF-hat alone",0.228960526315789,0.894930555555556,0.294020512820513,0.973405555555556
"BAF-hat alone",0.224607456140351,0.8925,0.298021794871795,0.9739
"BAF-hat alone",0.220269736842105,0.890053571428571,0.301989743589744,0.974544444444444
"BAF-hat alone",0.21606798245614,0.887484126984127,0.305985897435897,0.975066666666667
"BAF-hat alone",0.211879385964912,0.884904761904762,0.309997435897436,0.975516666666667
"BAF-hat alone",0.207774122807018,0.882248015873016,0.313973076923077,0.976127777777778
"BAF-hat alone",0.20380701754386,0.87946626984127,0.317994871794872,0.976538888888889
"BAF-hat alone",0.199730263157895,0.876785714285714,0.32201282051282,0.976961111111111
"BAF-hat alone",0.195960526315789,0.873825396825397,0.326032051282051,0.977383333333333
"BAF-hat alone",0.192052631578947,0.870990079365079,0.330046153846154,0.977827777777778
"BAF-hat alone",0.188111842105263,0.868184523809524,0.334051282051282,0.978311111111111
"BAF-hat alone",0.184313596491228,0.865251984126984,0.33806282051282,0.978761111111111
"BAF-hat alone",0.180559210526316,0.862277777777778,0.342080769230769,0.979188888888889
"BAF-hat alone",0.176824561403509,0.859285714285714,0.34609358974359,0.979638888888889
"BAF-hat alone",0.173175438596491,0.856218253968254,0.350148717948718,0.9799
"BAF-hat alone",0.169535087719298,0.853140873015873,0.354183333333333,0.980255555555556
"BAF-hat alone",0.166054824561403,0.849918650793651,0.358232051282051,0.98055
"BAF-hat alone",0.162635964912281,0.846642857142857,0.36225641025641,0.980944444444444
"BAF-hat alone",0.159184210526316,0.843394841269841,0.366284615384615,0.981327777777778
"BAF-hat alone",0.155835526315789,0.840053571428571,0.370324358974359,0.981661111111111
"BAF-hat alone",0.152526315789474,0.836676587301587,0.374382051282051,0.981916666666667
"BAF-hat alone",0.149228070175439,0.833291666666667,0.378426923076923,0.982222222222222
"BAF-hat alone",0.146010964912281,0.829831349206349,0.382479487179487,0.9825
"BAF-hat alone",0.142831140350877,0.826337301587302,0.386547435897436,0.982711111111111
"BAF-hat alone",0.139660087719298,0.822837301587302,0.390598717948718,0.982988888888889
"BAF-hat alone",0.136589912280702,0.819244047619048,0.394658974358974,0.983233333333333
"BAF-hat alone",0.133451754385965,0.815712301587302,0.398712820512821,0.983505555555556
"BAF-hat alone",0.130416666666667,0.812089285714286,0.402764102564103,0.983783333333333
"BAF-hat alone",0.127537280701754,0.808323412698413,0.406826923076923,0.984016666666667
"BAF-hat alone",0.124640350877193,0.804573412698413,0.410880769230769,0.984288888888889
"BAF-hat alone",0.121675438596491,0.800884920634921,0.414928205128205,0.984588888888889
"BAF-hat alone",0.118918859649123,0.797009920634921,0.418991025641026,0.984816666666667
"BAF-hat alone",0.116107456140351,0.79318253968254,0.423038461538462,0.985116666666667
"BAF-hat alone",0.113304824561404,0.789347222222222,0.427108974358974,0.985316666666667
"BAF-hat alone",0.110587719298246,0.785436507936508,0.431166666666667,0.985566666666667
"BAF-hat alone",0.107980263157895,0.781424603174603,0.435229487179487,0.9858
"BAF-hat alone",0.105519736842105,0.777279761904762,0.439285897435897,0.986061111111111
"BAF-hat alone",0.102945175438596,0.773240079365079,0.443338461538462,0.986333333333333
"BAF-hat alone",0.10059649122807,0.768994047619048,0.447416666666667,0.9865
"BAF-hat alone",0.0981008771929825,0.764880952380952,0.45148717948718,0.9867
"BAF-hat alone",0.0957763157894737,0.760613095238095,0.455557692307692,0.9869
"BAF-hat alone",0.0933048245614035,0.756480158730159,0.459619230769231,0.987133333333333
"BAF-hat alone",0.0910416666666667,0.752156746031746,0.463683333333333,0.987361111111111
"BAF-hat alone",0.0888508771929825,0.747767857142857,0.467755128205128,0.987555555555556
"BAF-hat alone",0.0867105263157895,0.743335317460317,0.471820512820513,0.987772222222222
"BAF-hat alone",0.0845131578947368,0.738952380952381,0.475884615384615,0.988
"BAF-hat alone",0.0823991228070175,0.734494047619048,0.47995641025641,0.988194444444444
"BAF-hat alone",0.080484649122807,0.729857142857143,0.484035897435897,0.98835
"BAF-hat alone",0.0784758771929825,0.725303571428571,0.488114102564103,0.988516666666667
"BAF-hat alone",0.0765482456140351,0.720676587301587,0.492194871794872,0.988672222222222
"BAF-hat alone",0.0745548245614035,0.716109126984127,0.496261538461538,0.988888888888889
"BAF-hat alone",0.0728157894736842,0.711313492063492,0.500326923076923,0.989105555555556
"BAF-hat alone",0.0709188596491228,0.70665873015873,0.50440641025641,0.989266666666667
"BAF-hat alone",0.0691425438596491,0.701894841269841,0.508492307692308,0.9894
"BAF-hat alone",0.0673793859649123,0.697121031746032,0.512566666666667,0.989577777777778
"BAF-hat alone",0.0657214912280702,0.69225,0.516638461538461,0.989772222222222
"BAF-hat alone",0.064171052631579,0.687281746031746,0.520707692307692,0.989977777777778
"BAF-hat alone",0.0625394736842105,0.682388888888889,0.524787179487179,0.990133333333333
"BAF-hat alone",0.061030701754386,0.677382936507936,0.528874358974359,0.990261111111111
"BAF-hat alone",0.0594714912280702,0.672422619047619,0.532953846153846,0.990422222222222
"BAF-hat alone",0.0579956140350877,0.667386904761905,0.537046153846154,0.990527777777778
"BAF-hat alone",0.0565021929824561,0.662369047619048,0.541124358974359,0.990688888888889
"BAF-hat alone",0.0550504385964912,0.657311507936508,0.545207692307692,0.990833333333333
"BAF-hat alone",0.0536228070175439,0.652232142857143,0.54928717948718,0.990994444444444
"BAF-hat alone",0.0522938596491228,0.647065476190476,0.553379487179487,0.991094444444444
"BAF-hat alone",0.0509605263157895,0.641900793650794,0.557458974358974,0.991255555555556
"BAF-hat alone",0.0496820175438596,0.636686507936508,0.561555128205128,0.991344444444444
"BAF-hat alone",0.0484649122807018,0.631418650793651,0.565651282051282,0.991427777777778
"BAF-hat alone",0.0471885964912281,0.626202380952381,0.56973717948718,0.991561111111111
"BAF-hat alone",0.0459583333333333,0.620944444444444,0.573825641025641,0.991683333333333
"BAF-hat alone",0.0448179824561404,0.615605158730159,0.577914102564103,0.991805555555556
"BAF-hat alone",0.0436995614035088,0.610248015873016,0.58200641025641,0.991905555555556
"BAF-hat alone",0.0425723684210526,0.604896825396825,0.58609358974359,0.992033333333333
"BAF-hat alone",0.0415,0.599496031746032,0.590178205128205,0.992172222222222
"BAF-hat alone",0.040530701754386,0.594003968253968,0.594267948717949,0.992283333333333
"BAF-hat alone",0.0395811403508772,0.588492063492064,0.598355128205128,0.992411111111111
"BAF-hat alone",0.038640350877193,0.582972222222222,0.602442307692308,0.992538888888889
"BAF-hat alone",0.0377675438596491,0.577392857142857,0.606535897435897,0.992633333333333
"BAF-hat alone",0.0367982456140351,0.57189880952381,0.610625641025641,0.99275
"BAF-hat alone",0.035905701754386,0.566335317460318,0.614705128205128,0.992911111111111
"BAF-hat alone",0.0350526315789474,0.560738095238095,0.618797435897436,0.993011111111111
"BAF-hat alone",0.0341622807017544,0.555172619047619,0.622884615384615,0.993138888888889
"BAF-hat alone",0.0333399122807018,0.549545634920635,0.626974358974359,0.993255555555556
"BAF-hat alone",0.0325657894736842,0.543875,0.631060256410256,0.993388888888889
"BAF-hat alone",0.0317763157894737,0.538220238095238,0.63515,0.9935
"BAF-hat alone",0.030953947368421,0.532593253968254,0.639221794871795,0.993694444444444
"BAF-hat alone",0.0302083333333333,0.526896825396825,0.643316666666667,0.993788888888889
"BAF-hat alone",0.0294912280701754,0.521176587301587,0.647407692307692,0.993894444444444
"BAF-hat alone",0.0287521929824561,0.515474206349206,0.651492307692308,0.994033333333333
"BAF-hat alone",0.0280548245614035,0.509734126984127,0.655585897435897,0.994133333333333
"BAF-hat alone",0.0273311403508772,0.504019841269841,0.659676923076923,0.994238888888889
"BAF-hat alone",0.0266864035087719,0.498232142857143,0.663758974358974,0.994388888888889
"BAF-hat alone",0.0260065789473684,0.49247619047619,0.667851282051282,0.994494444444444
"BAF-hat alone",0.0253837719298246,0.486668650793651,0.671946153846154,0.994588888888889
"BAF-hat alone",0.0246776315789474,0.480938492063492,0.676032051282051,0.994716666666667
"BAF-hat alone",0.024030701754386,0.475152777777778,0.680115384615385,0.994861111111111
"BAF-hat alone",0.0234627192982456,0.469295634920635,0.684220512820513,0.994911111111111
"BAF-hat alone",0.022890350877193,0.463444444444444,0.688305128205128,0.995044444444444
"BAF-hat alone",0.0223157894736842,0.457593253968254,0.692402564102564,0.995127777777778
"BAF-hat alone",0.0217434210526316,0.451740079365079,0.696485897435897,0.995272222222222
"BAF-hat alone",0.0211666666666667,0.445892857142857,0.700569230769231,0.995411111111111
"BAF-hat alone",0.0206271929824561,0.440009920634921,0.704647435897436,0.995577777777778
"BAF-hat alone",0.0200614035087719,0.434150793650794,0.70874358974359,0.995666666666667
"BAF-hat alone",0.0195635964912281,0.428230158730159,0.712848717948718,0.995716666666667
"BAF-hat alone",0.0189934210526316,0.422376984126984,0.716938461538462,0.995827777777778
"BAF-hat alone",0.0185263157894737,0.416428571428571,0.721034615384615,0.995916666666667
"BAF-hat alone",0.0180921052631579,0.410450396825397,0.725134615384615,0.995988888888889
"BAF-hat alone",0.0175701754385965,0.404553571428571,0.729219230769231,0.996122222222222
"BAF-hat alone",0.0170964912280702,0.398611111111111,0.733315384615385,0.996211111111111
"BAF-hat alone",0.0166820175438596,0.392615079365079,0.737403846153846,0.996333333333333
"BAF-hat alone",0.0162083333333333,0.386674603174603,0.74149358974359,0.996444444444444
"BAF-hat alone",0.0157587719298246,0.380710317460317,0.745592307692308,0.996522222222222
"BAF-hat alone",0.0153464912280702,0.374712301587302,0.749676923076923,0.996661111111111
"BAF-hat alone",0.0149078947368421,0.368738095238095,0.753778205128205,0.996727777777778
"BAF-hat alone",0.0145219298245614,0.362718253968254,0.757867948717949,0.996838888888889
"BAF-hat alone",0.0140767543859649,0.35675,0.761961538461538,0.996938888888889
"BAF-hat alone",0.013640350877193,0.35077380952381,0.766061538461538,0.997011111111111
"BAF-hat alone",0.0132061403508772,0.344797619047619,0.770153846153846,0.997111111111111
"BAF-hat alone",0.0128157894736842,0.338779761904762,0.774248717948718,0.997205555555556
"BAF-hat alone",0.0123684210526316,0.332813492063492,0.778344871794872,0.997294444444444
"BAF-hat alone",0.0119364035087719,0.326835317460317,0.78243717948718,0.997394444444444
"BAF-hat alone",0.0115570175438596,0.32080753968254,0.78653717948718,0.997466666666667
"BAF-hat alone",0.0111184210526316,0.314833333333333,0.790632051282051,0.997561111111111
"BAF-hat alone",0.0107521929824561,0.308793650793651,0.794730769230769,0.997638888888889
"BAF-hat alone",0.010359649122807,0.302779761904762,0.798821794871795,0.997744444444444
"BAF-hat alone",0.00997149122807017,0.296759920634921,0.802908974358974,0.997872222222222
"BAF-hat alone",0.00965570175438596,0.290674603174603,0.807003846153846,0.997966666666667
"BAF-hat alone",0.0092828947368421,0.284642857142857,0.811098717948718,0.998055555555556
"BAF-hat alone",0.00896710526315789,0.27855753968254,0.815201282051282,0.998116666666667
"BAF-hat alone",0.00855482456140351,0.272559523809524,0.819298717948718,0.9982
"BAF-hat alone",0.00819298245614035,0.266517857142857,0.82339358974359,0.998288888888889
"BAF-hat alone",0.00778947368421053,0.260511904761905,0.827484615384615,0.9984
"BAF-hat alone",0.00745833333333333,0.254440476190476,0.83158717948718,0.998461111111111
"BAF-hat alone",0.00708771929824561,0.248404761904762,0.835682051282051,0.998555555555556
"BAF-hat alone",0.00680701754385965,0.242289682539683,0.839788461538462,0.998594444444444
"BAF-hat alone",0.00642324561403509,0.236265873015873,0.84388717948718,0.998672222222222
"BAF-hat alone",0.00609868421052632,0.230188492063492,0.847984615384615,0.998755555555556
"BAF-hat alone",0.00570394736842105,0.224176587301587,0.852076923076923,0.998855555555556
"BAF-hat alone",0.00537280701754386,0.218105158730159,0.856170512820513,0.998955555555556
"BAF-hat alone",0.0050219298245614,0.212051587301587,0.860266666666667,0.999044444444444
"BAF-hat alone",0.00471271929824561,0.205962301587302,0.864364102564103,0.999122222222222
"BAF-hat alone",0.00441447368421053,0.199861111111111,0.868467948717949,0.999177777777778
"BAF-hat alone",0.00413815789473684,0.193740079365079,0.872569230769231,0.999244444444444
"BAF-hat alone",0.00382456140350877,0.187652777777778,0.876664102564103,0.999338888888889
"BAF-hat alone",0.00358114035087719,0.181503968253968,0.880767948717949,0.999388888888889
"BAF-hat alone",0.00330482456140351,0.175382936507937,0.884873076923077,0.999438888888889
"BAF-hat alone",0.00303728070175439,0.169253968253968,0.888978205128205,0.999488888888889
"BAF-hat alone",0.00279385964912281,0.163105158730159,0.893082051282051,0.999538888888889
"BAF-hat alone",0.00253947368421053,0.156964285714286,0.89718717948718,0.999588888888889
"BAF-hat alone",0.00229824561403509,0.150811507936508,0.901297435897436,0.999616666666667
"BAF-hat alone",0.00209210526315789,0.144628968253968,0.905403846153846,0.999655555555556
"BAF-hat alone",0.001875,0.138454365079365,0.909515384615385,0.999677777777778
"BAF-hat alone",0.00170394736842105,0.132238095238095,0.913620512820513,0.999727777777778
"BAF-hat alone",0.00153070175438596,0.12602380952381,0.917730769230769,0.999755555555556
"BAF-hat alone",0.00136842105263158,0.119801587301587,0.921834615384615,0.999805555555556
"BAF-hat alone",0.0012280701754386,0.11355753968254,0.925944871794872,0.999833333333333
"BAF-hat alone",0.0011030701754386,0.107299603174603,0.93005641025641,0.999855555555556
"BAF-hat alone",0.000971491228070175,0.101049603174603,0.93416282051282,0.999894444444444
"BAF-hat alone",0.000853070175438597,0.0947857142857143,0.938274358974359,0.999916666666667
"BAF-hat alone",0.000758771929824561,0.0885,0.942388461538462,0.999927777777778
"BAF-hat alone",0.000620614035087719,0.0822559523809524,0.946501282051282,0.999938888888889
"BAF-hat alone",0.000491228070175439,0.0760019841269841,0.950608974358974,0.999977777777778
"BAF-hat alone",0.000390350877192982,0.0697222222222222,0.954725641025641,0.999977777777778
"BAF-hat alone",0.00030921052631579,0.0634246031746032,0.958839743589744,0.999988888888889
"BAF-hat alone",0.000232456140350877,0.057125,0.962955128205128,0.999988888888889
"BAF-hat alone",0.000179824561403509,0.0508015873015873,0.967071794871795,0.999988888888889
"BAF-hat alone",0.000140350877192982,0.0444662698412698,0.97118717948718,0.999994444444444
"BAF-hat alone",0.000107456140350877,0.0381269841269841,0.975302564102564,0.999994444444444
"BAF-hat alone",8.1140350877193e-05,0.0317797619047619,0.979417948717949,1
"BAF-hat alone",4.60526315789474e-05,0.0254404761904762,0.983534615384615,1
"BAF-hat alone",3.07017543859649e-05,0.0190853174603175,0.98765,1
"BAF-hat alone",1.75438596491228e-05,0.0127261904761905,0.991766666666667,1
"BAF-hat alone",2.19298245614035e-06,0.00636904761904762,0.995883333333333,1
"BAF-hat alone",0,1.98412698412698e-06,1,1
"BAF-hat + CI half-width",1,1,0,5.55555555555556e-06
"BAF-hat + CI half-width",0.992958333333333,1,3.84615384615385e-06,0.0178222222222222
"BAF-hat + CI half-width",0.985918859649123,0.999998015873016,4.35897435897436e-05,0.0354888888888889
"BAF-hat + CI half-width",0.978888157894737,0.999988095238095,0.000130769230769231,0.05295
"BAF-hat + CI half-width",0.971877192982456,0.999962301587302,0.00027948717948718,0.0701388888888889
"BAF-hat + CI half-width",0.964883771929825,0.999918650793651,0.00048974358974359,0.0870666666666667
"BAF-hat + CI half-width",0.957910087719298,0.999857142857143,0.000787179487179487,0.103616666666667
"BAF-hat + CI half-width",0.950925438596491,0.99980753968254,0.00109358974358974,0.120122222222222
"BAF-hat + CI half-width",0.94396052631579,0.999738095238095,0.00147307692307692,0.136316666666667
"BAF-hat + CI half-width",0.937030701754386,0.999636904761905,0.00187179487179487,0.152427777777778
"BAF-hat + CI half-width",0.930116228070175,0.99952380952381,0.00231282051282051,0.16835
"BAF-hat + CI half-width",0.923190789473684,0.999418650793651,0.00270641025641026,0.184483333333333
"BAF-hat + CI half-width",0.916256578947368,0.999321428571429,0.00311153846153846,0.200566666666667
"BAF-hat + CI half-width",0.909320175438596,0.99922619047619,0.00356282051282051,0.21645
"BAF-hat + CI half-width",0.902396929824561,0.999121031746032,0.00401923076923077,0.232305555555556
"BAF-hat + CI half-width",0.895510964912281,0.998980158730159,0.00448974358974359,0.248105555555556
"BAF-hat + CI half-width",0.888594298245614,0.998867063492063,0.00494871794871795,0.263955555555556
"BAF-hat + CI half-width",0.88168201754386,0.998751984126984,0.00544102564102564,0.279655555555556
"BAF-hat + CI half-width",0.874804824561404,0.998603174603175,0.00594230769230769,0.295322222222222
"BAF-hat + CI half-width",0.867934210526316,0.998448412698413,0.00647692307692308,0.310844444444444
"BAF-hat + CI half-width",0.86109649122807,0.998265873015873,0.00708589743589744,0.326038888888889
"BAF-hat + CI half-width",0.854254385964912,0.998085317460317,0.00770641025641026,0.341188888888889
"BAF-hat + CI half-width",0.847379385964912,0.997934523809524,0.00828846153846154,0.356505555555556
"BAF-hat + CI half-width",0.840526315789474,0.997763888888889,0.00892435897435897,0.371588888888889
"BAF-hat + CI half-width",0.833703947368421,0.99756746031746,0.00964358974358974,0.386305555555556
"BAF-hat + CI half-width",0.826870614035088,0.997378968253968,0.010375641025641,0.400972222222222
"BAF-hat + CI half-width",0.82008552631579,0.997146825396825,0.0112141025641026,0.415177777777778
"BAF-hat + CI half-width",0.813267543859649,0.996946428571429,0.0120115384615385,0.429555555555556
"BAF-hat + CI half-width",0.806464912280702,0.996730158730159,0.0128948717948718,0.443566666666667
"BAF-hat + CI half-width",0.799699561403509,0.996480158730159,0.0137910256410256,0.457522222222222
"BAF-hat + CI half-width",0.792945175438596,0.996222222222222,0.0147089743589744,0.471377777777778
"BAF-hat + CI half-width",0.786206140350877,0.995948412698413,0.0157038461538462,0.484905555555556
"BAF-hat + CI half-width",0.779451754385965,0.995688492063492,0.0166794871794872,0.498516666666667
"BAF-hat + CI half-width",0.772725877192982,0.995402777777778,0.0176692307692308,0.512066666666667
"BAF-hat + CI half-width",0.766017543859649,0.995103174603175,0.0187666666666667,0.525144444444444
"BAF-hat + CI half-width",0.759304824561403,0.994805555555556,0.0198384615384615,0.538338888888889
"BAF-hat + CI half-width",0.752565789473684,0.994531746031746,0.0209141025641026,0.551516666666667
"BAF-hat + CI half-width",0.745842105263158,0.994246031746032,0.0220346153846154,0.564494444444444
"BAF-hat + CI half-width",0.739133771929825,0.993944444444444,0.0232461538461538,0.577083333333333
"BAF-hat + CI half-width",0.732456140350877,0.993615079365079,0.0244705128205128,0.589616666666667
"BAF-hat + CI half-width",0.725813596491228,0.993255952380952,0.0257871794871795,0.601744444444444
"BAF-hat + CI half-width",0.719129385964912,0.99293253968254,0.0270871794871795,0.61395
"BAF-hat + CI half-width",0.712497807017544,0.992561507936508,0.0284641025641026,0.625822222222222
"BAF-hat + CI half-width",0.705859649122807,0.992196428571429,0.0299730769230769,0.637122222222222
"BAF-hat + CI half-width",0.699179824561403,0.991871031746032,0.0314628205128205,0.6485
"BAF-hat + CI half-width",0.692559210526316,0.991490079365079,0.0330269230769231,0.659561111111111
"BAF-hat + CI half-width",0.685936403508772,0.991111111111111,0.0346128205128205,0.670527777777778
"BAF-hat + CI half-width",0.679383771929825,0.990670634920635,0.0363217948717949,0.680955555555556
"BAF-hat + CI half-width",0.672776315789474,0.990277777777778,0.0380538461538462,0.691288888888889
"BAF-hat + CI half-width",0.666212719298246,0.989845238095238,0.0398525641025641,0.701333333333333
"BAF-hat + CI half-width",0.65965350877193,0.989410714285714,0.0417423076923077,0.710977777777778
"BAF-hat + CI half-width",0.65306798245614,0.988998015873016,0.0437141025641026,0.720272222222222
"BAF-hat + CI half-width",0.646570175438597,0.988505952380952,0.0457038461538462,0.729488888888889
"BAF-hat + CI half-width",0.640081140350877,0.988005952380952,0.0477717948717949,0.738366666666667
"BAF-hat + CI half-width",0.633548245614035,0.987547619047619,0.0498294871794872,0.747283333333333
"BAF-hat + CI half-width",0.62706798245614,0.987039682539683,0.0520358974358974,0.755561111111111
"BAF-hat + CI half-width",0.620675438596491,0.986452380952381,0.0542525641025641,0.763794444444444
"BAF-hat + CI half-width",0.614210526315789,0.98593253968254,0.0564679487179487,0.772027777777778
"BAF-hat + CI half-width",0.607760964912281,0.985396825396825,0.0587858974358974,0.779822222222222
"BAF-hat + CI half-width",0.601333333333333,0.98484126984127,0.0611358974358974,0.787477777777778
"BAF-hat + CI half-width",0.594967105263158,0.984232142857143,0.0635897435897436,0.794677777777778
"BAF-hat + CI half-width",0.588504385964912,0.983708333333333,0.0660038461538461,0.802055555555556
"BAF-hat + CI half-width",0.582107456140351,0.983125,0.0685307692307692,0.808944444444444
"BAF-hat + CI half-width",0.575677631578947,0.982571428571429,0.0710153846153846,0.816016666666667
"BAF-hat + CI half-width",0.569309210526316,0.981964285714286,0.0736717948717949,0.822338888888889
"BAF-hat + CI half-width",0.562989035087719,0.981311507936508,0.0763448717948718,0.828594444444444
"BAF-hat + CI half-width",0.556662280701754,0.980664682539683,0.079025641025641,0.834816666666667
"BAF-hat + CI half-width",0.550377192982456,0.979982142857143,0.0817628205128205,0.840788888888889
"BAF-hat + CI half-width",0.544144736842105,0.97925,0.0845576923076923,0.846516666666667
"BAF-hat + CI half-width",0.53793201754386,0.9785,0.0873653846153846,0.852188888888889
"BAF-hat + CI half-width",0.531741228070175,0.977732142857143,0.090275641025641,0.857411111111111
"BAF-hat + CI half-width",0.525467105263158,0.977037698412698,0.0931910256410256,0.862616666666667
"BAF-hat + CI half-width",0.51930701754386,0.976240079365079,0.0961961538461538,0.867433333333333
"BAF-hat + CI half-width",0.513107456140351,0.975478174603175,0.0991807692307692,0.872338888888889
"BAF-hat + CI half-width",0.507004385964912,0.974630952380952,0.102192307692308,0.877122222222222
"BAF-hat + CI half-width",0.500791666666667,0.973880952380952,0.105265384615385,0.881644444444444
"BAF-hat + CI half-width",0.494629385964912,0.973085317460317,0.108434615384615,0.88575
"BAF-hat + CI half-width",0.488583333333333,0.972186507936508,0.111646153846154,0.889666666666667
"BAF-hat + CI half-width",0.48247149122807,0.971345238095238,0.114820512820513,0.89375
"BAF-hat + CI half-width",0.476469298245614,0.970404761904762,0.118108974358974,0.897338888888889
"BAF-hat + CI half-width",0.470458333333333,0.969474206349206,0.121388461538462,0.900961111111111
"BAF-hat + CI half-width",0.464502192982456,0.968492063492064,0.124730769230769,0.904316666666667
"BAF-hat + CI half-width",0.458469298245614,0.967579365079365,0.128047435897436,0.907783333333333
"BAF-hat + CI half-width",0.4525,0.966609126984127,0.131389743589744,0.911138888888889
"BAF-hat + CI half-width",0.446635964912281,0.965545634920635,0.134853846153846,0.913961111111111
"BAF-hat + CI half-width",0.44071052631579,0.964535714285714,0.138289743589744,0.916911111111111
"BAF-hat + CI half-width",0.434916666666667,0.963406746031746,0.141726923076923,0.919855555555556
"BAF-hat + CI half-width",0.429118421052632,0.96228373015873,0.145229487179487,0.922511111111111
"BAF-hat + CI half-width",0.423296052631579,0.961180555555556,0.148776923076923,0.924977777777778
"BAF-hat + CI half-width",0.417506578947368,0.960047619047619,0.152319230769231,0.927466666666667
"BAF-hat + CI half-width",0.411743421052632,0.958892857142857,0.155914102564103,0.929722222222222
"BAF-hat + CI half-width",0.405982456140351,0.957734126984127,0.159492307692308,0.932055555555556
"BAF-hat + CI half-width",0.400201754385965,0.956593253968254,0.163091025641026,0.9343
"BAF-hat + CI half-width",0.394530701754386,0.955353174603175,0.166758974358974,0.936244444444444
"BAF-hat + CI half-width",0.388964912280702,0.954019841269841,0.170384615384615,0.938366666666667
"BAF-hat + CI half-width",0.383331140350877,0.952746031746032,0.174069230769231,0.940238888888889
"BAF-hat + CI half-width",0.377723684210526,0.951448412698413,0.177801282051282,0.941905555555556
"BAF-hat + CI half-width",0.372232456140351,0.950047619047619,0.181491025641026,0.94375
"BAF-hat + CI half-width",0.366756578947368,0.948630952380952,0.185234615384615,0.945366666666667
"BAF-hat + CI half-width",0.361269736842105,0.947224206349206,0.188971794871795,0.947011111111111
"BAF-hat + CI half-width",0.355857456140351,0.945751984126984,0.192719230769231,0.948605555555556
"BAF-hat + CI half-width",0.350416666666667,0.944303571428571,0.19651282051282,0.950005555555556
"BAF-hat + CI half-width",0.34505701754386,0.942781746031746,0.200298717948718,0.951438888888889
"BAF-hat + CI half-width",0.33975,0.941214285714286,0.204128205128205,0.952677777777778
"BAF-hat + CI half-width",0.334372807017544,0.939708333333333,0.207964102564103,0.953894444444444
"BAF-hat + CI half-width",0.329103070175439,0.938105158730159,0.211801282051282,0.955105555555556
"BAF-hat + CI half-width",0.323892543859649,0.936448412698413,0.215610256410256,0.956438888888889
"BAF-hat + CI half-width",0.318769736842105,0.934714285714286,0.219444871794872,0.957655555555556
"BAF-hat + CI half-width",0.313616228070175,0.933005952380952,0.22330641025641,0.958761111111111
"BAF-hat + CI half-width",0.308594298245614,0.931178571428571,0.227185897435897,0.959788888888889
"BAF-hat + CI half-width",0.303561403508772,0.929363095238095,0.231073076923077,0.960777777777778
"BAF-hat + CI half-width",0.298491228070175,0.927579365079365,0.23499358974359,0.961627777777778
"BAF-hat + CI half-width",0.293565789473684,0.925664682539683,0.238889743589744,0.962583333333333
"BAF-hat + CI half-width",0.288646929824561,0.923746031746032,0.242817948717949,0.963394444444444
"BAF-hat + CI half-width",0.283631578947368,0.921912698412698,0.246721794871795,0.964316666666667
"BAF-hat + CI half-width",0.278844298245614,0.919873015873016,0.25065641025641,0.965105555555556
"BAF-hat + CI half-width",0.274094298245614,0.917799603174603,0.254591025641026,0.965894444444444
"BAF-hat + CI half-width",0.269370614035088,0.915704365079365,0.258542307692308,0.966605555555556
"BAF-hat + CI half-width",0.264614035087719,0.913636904761905,0.26245641025641,0.967483333333333
"BAF-hat + CI half-width",0.259949561403509,0.911486111111111,0.266419230769231,0.96815
"BAF-hat + CI half-width",0.255385964912281,0.909246031746032,0.270401282051282,0.968727777777778
"BAF-hat + CI half-width",0.250798245614035,0.907025793650794,0.274338461538462,0.969505555555556
"BAF-hat + CI half-width",0.246287280701754,0.904736111111111,0.278297435897436,0.970188888888889
"BAF-hat + CI half-width",0.241844298245614,0.902386904761905,0.282273076923077,0.970794444444444
"BAF-hat + CI half-width",0.237324561403509,0.900105158730159,0.286251282051282,0.971394444444444
"BAF-hat + CI half-width",0.232967105263158,0.897676587301587,0.290230769230769,0.971988888888889
"BAF-hat + CI half-width",0.228618421052632,0.895240079365079,0.294202564102564,0.972616666666667
"BAF-hat + CI half-width",0.22431798245614,0.892761904761905,0.298184615384615,0.973194444444444
"BAF-hat + CI half-width",0.220059210526316,0.890244047619048,0.302164102564103,0.973788888888889
"BAF-hat + CI half-width",0.215754385964912,0.887767857142857,0.306153846153846,0.974338888888889
"BAF-hat + CI half-width",0.211679824561403,0.885085317460317,0.31015641025641,0.974827777777778
"BAF-hat + CI half-width",0.207609649122807,0.882396825396825,0.314155128205128,0.975338888888889
"BAF-hat + CI half-width",0.203550438596491,0.879698412698413,0.31816282051282,0.975811111111111
"BAF-hat + CI half-width",0.199548245614035,0.876950396825397,0.322170512820513,0.976277777777778
"BAF-hat + CI half-width",0.195651315789474,0.874105158730159,0.32615641025641,0.976844444444444
"BAF-hat + CI half-width",0.191686403508772,0.871321428571429,0.330162820512821,0.977322222222222
"BAF-hat + CI half-width",0.187883771929825,0.868390873015873,0.334211538461538,0.977616666666667
"BAF-hat + CI half-width",0.184105263157895,0.865440476190476,0.338229487179487,0.978038888888889
"BAF-hat + CI half-width",0.180326754385965,0.862488095238095,0.342228205128205,0.97855
"BAF-hat + CI half-width",0.176668859649123,0.859426587301587,0.346241025641026,0.979
"BAF-hat + CI half-width",0.172962719298246,0.856410714285714,0.350274358974359,0.979355555555556
"BAF-hat + CI half-width",0.169399122807018,0.853263888888889,0.35430641025641,0.979722222222222
"BAF-hat + CI half-width",0.165791666666667,0.850156746031746,0.358342307692308,0.980072222222222
"BAF-hat + CI half-width",0.162464912280702,0.846797619047619,0.362373076923077,0.980438888888889
"BAF-hat + CI half-width",0.159103070175439,0.843468253968254,0.366411538461538,0.980777777777778
"BAF-hat + CI half-width",0.155752192982456,0.840128968253968,0.370448717948718,0.981122222222222
"BAF-hat + CI half-width",0.152364035087719,0.836823412698413,0.374492307692308,0.981438888888889
"BAF-hat + CI half-width",0.149094298245614,0.833412698412698,0.378541025641026,0.981727777777778
"BAF-hat + CI half-width",0.145881578947368,0.829948412698413,0.382585897435897,0.982038888888889
"BAF-hat + CI half-width",0.142769736842105,0.826392857142857,0.386652564102564,0.982255555555556
"BAF-hat + CI half-width",0.139585526315789,0.822904761904762,0.390698717948718,0.982555555555556
"BAF-hat + CI half-width",0.136469298245614,0.819353174603175,0.394753846153846,0.982822222222222
"BAF-hat + CI half-width",0.133405701754386,0.815753968253968,0.398817948717949,0.98305
"BAF-hat + CI half-width",0.130405701754386,0.812099206349206,0.402866666666667,0.983338888888889
"BAF-hat + CI half-width",0.127539473684211,0.808321428571429,0.406919230769231,0.983616666666667
"BAF-hat + CI half-width",0.124583333333333,0.804625,0.410983333333333,0.983844444444444
"BAF-hat + CI half-width",0.121776315789474,0.800793650793651,0.415035897435897,0.984122222222222
"BAF-hat + CI half-width",0.118938596491228,0.796992063492064,0.419101282051282,0.984338888888889
"BAF-hat + CI half-width",0.11615350877193,0.793140873015873,0.423155128205128,0.984611111111111
"BAF-hat + CI half-width",0.113326754385965,0.789327380952381,0.427203846153846,0.984905555555556
"BAF-hat + CI half-width",0.110662280701754,0.785369047619048,0.431255128205128,0.985183333333333
"BAF-hat + CI half-width",0.108054824561404,0.781357142857143,0.435314102564103,0.985433333333333
"BAF-hat + CI half-width",0.105510964912281,0.777287698412698,0.439373076923077,0.985683333333333
"BAF-hat + CI half-width",0.103063596491228,0.773132936507936,0.443429487179487,0.985938888888889
"BAF-hat + CI half-width",0.10059649122807,0.768994047619048,0.44749358974359,0.986166666666667
"BAF-hat + CI half-width",0.0981776315789474,0.764811507936508,0.451567948717949,0.98635
"BAF-hat + CI half-width",0.0958706140350877,0.760527777777778,0.455628205128205,0.986594444444444
"BAF-hat + CI half-width",0.0934758771929825,0.756325396825397,0.459714102564103,0.986722222222222
"BAF-hat + CI half-width",0.0912236842105263,0.751992063492063,0.46378717948718,0.986911111111111
"BAF-hat + CI half-width",0.0890745614035088,0.747565476190476,0.46785641025641,0.987116666666667
"BAF-hat + CI half-width",0.086828947368421,0.743228174603175,0.471915384615385,0.987361111111111
"BAF-hat + CI half-width",0.0846929824561403,0.738789682539683,0.475960256410256,0.987672222222222
"BAF-hat + CI half-width",0.082671052631579,0.734248015873016,0.480021794871795,0.987911111111111
"BAF-hat + CI half-width",0.0806271929824561,0.729728174603175,0.484103846153846,0.988055555555556
"BAF-hat + CI half-width",0.0786425438596491,0.725152777777778,0.488176923076923,0.988244444444444
"BAF-hat + CI half-width",0.0766842105263158,0.720553571428571,0.492261538461538,0.988383333333333
"BAF-hat + CI half-width",0.0748333333333333,0.715857142857143,0.496346153846154,0.988522222222222
"BAF-hat + CI half-width",0.0729978070175439,0.71114880952381,0.500417948717949,0.988711111111111
"BAF-hat + CI half-width",0.0711798245614035,0.706422619047619,0.504496153846154,0.988877777777778
"BAF-hat + CI half-width",0.0693640350877193,0.701694444444444,0.508567948717949,0.989072222222222
"BAF-hat + CI half-width",0.0676162280701754,0.696906746031746,0.512626923076923,0.989316666666667
"BAF-hat + CI half-width",0.0660175438596491,0.691982142857143,0.516701282051282,0.9895
"BAF-hat + CI half-width",0.0644144736842105,0.687061507936508,0.520787179487179,0.989633333333333
"BAF-hat + CI half-width",0.0628640350877193,0.682095238095238,0.524865384615385,0.989794444444444
"BAF-hat + CI half-width",0.0612631578947368,0.677172619047619,0.528928205128205,0.990027777777778
"BAF-hat + CI half-width",0.0597434210526316,0.672176587301587,0.533003846153846,0.990205555555556
"BAF-hat + CI half-width",0.0582565789473684,0.667150793650794,0.5371,0.990294444444444
"BAF-hat + CI half-width",0.0568070175438596,0.662093253968254,0.541183333333333,0.990433333333333
"BAF-hat + CI half-width",0.055375,0.657017857142857,0.545271794871795,0.990555555555556
"BAF-hat + CI half-width",0.0539473684210526,0.651938492063492,0.549355128205128,0.9907
"BAF-hat + CI half-width",0.0526206140350877,0.646769841269841,0.55343717948718,0.990844444444444
"BAF-hat + CI half-width",0.051296052631579,0.641597222222222,0.557519230769231,0.990994444444444
"BAF-hat + CI half-width",0.0500241228070175,0.636376984126984,0.561598717948718,0.991155555555556
"BAF-hat + CI half-width",0.0488092105263158,0.631107142857143,0.565685897435897,0.991277777777778
"BAF-hat + CI half-width",0.0474934210526316,0.625926587301587,0.569779487179487,0.991377777777778
"BAF-hat + CI half-width",0.0463333333333333,0.620605158730159,0.573878205128205,0.991455555555556
"BAF-hat + CI half-width",0.045155701754386,0.615299603174603,0.577971794871795,0.991555555555556
"BAF-hat + CI half-width",0.0440504385964912,0.609930555555556,0.582047435897436,0.991727777777778
"BAF-hat + CI half-width",0.0429451754385965,0.604559523809524,0.586142307692308,0.991822222222222
"BAF-hat + CI half-width",0.0418881578947368,0.599144841269841,0.590232051282051,0.991938888888889
"BAF-hat + CI half-width",0.040859649122807,0.593706349206349,0.594314102564103,0.992083333333333
"BAF-hat + CI half-width",0.0399495614035088,0.58815873015873,0.5984,0.992216666666667
"BAF-hat + CI half-width",0.039015350877193,0.582632936507936,0.60248717948718,0.992344444444444
"BAF-hat + CI half-width",0.038109649122807,0.577083333333333,0.606579487179487,0.992444444444444
"BAF-hat + CI half-width",0.037155701754386,0.571575396825397,0.610669230769231,0.992561111111111
"BAF-hat + CI half-width",0.0363201754385965,0.565960317460317,0.614758974358974,0.992677777777778
"BAF-hat + CI half-width",0.035484649122807,0.560347222222222,0.618847435897436,0.992794444444444
"BAF-hat + CI half-width",0.0344824561403509,0.554882936507937,0.622925641025641,0.992961111111111
"BAF-hat + CI half-width",0.033719298245614,0.549202380952381,0.627016666666667,0.993072222222222
"BAF-hat + CI half-width",0.0329539473684211,0.54352380952381,0.63110641025641,0.993188888888889
"BAF-hat + CI half-width",0.0321776315789474,0.537857142857143,0.635202564102564,0.993272222222222
"BAF-hat + CI half-width",0.0314122807017544,0.532178571428571,0.639278205128205,0.99345
"BAF-hat + CI half-width",0.0306885964912281,0.526462301587302,0.643370512820513,0.993555555555556
"BAF-hat + CI half-width",0.0299166666666667,0.520791666666667,0.647453846153846,0.993694444444444
"BAF-hat + CI half-width",0.029140350877193,0.515123015873016,0.651541025641026,0.993822222222222
"BAF-hat + CI half-width",0.0284385964912281,0.509386904761905,0.655629487179487,0.993944444444444
"BAF-hat + CI half-width",0.0277543859649123,0.503636904761905,0.659719230769231,0.994055555555556
"BAF-hat + CI half-width",0.0270986842105263,0.497859126984127,0.663801282051282,0.994205555555556
"BAF-hat + CI half-width",0.0264254385964912,0.492097222222222,0.66788717948718,0.994338888888889
"BAF-hat + CI half-width",0.0257258771929825,0.486359126984127,0.67198717948718,0.994411111111111
"BAF-hat + CI half-width",0.0251271929824561,0.480531746031746,0.676074358974359,0.994533333333333
"BAF-hat + CI half-width",0.0245109649122807,0.474718253968254,0.680169230769231,0.994627777777778
"BAF-hat + CI half-width",0.0238837719298246,0.468914682539683,0.684257692307692,0.99475
"BAF-hat + CI half-width",0.0232631578947368,0.463107142857143,0.688341025641026,0.994888888888889
"BAF-hat + CI half-width",0.0226929824561404,0.457251984126984,0.692439743589744,0.994966666666667
"BAF-hat + CI half-width",0.0221513157894737,0.451371031746032,0.696529487179487,0.995083333333333
"BAF-hat + CI half-width",0.0216074561403509,0.445494047619048,0.700617948717949,0.9952
"BAF-hat + CI half-width",0.0210328947368421,0.439642857142857,0.704703846153846,0.995333333333333
"BAF-hat + CI half-width",0.0204407894736842,0.43380753968254,0.708782051282051,0.9955
"BAF-hat + CI half-width",0.0199539473684211,0.427876984126984,0.712874358974359,0.995605555555556
"BAF-hat + CI half-width",0.0194407894736842,0.421972222222222,0.716970512820513,0.995688888888889
"BAF-hat + CI half-width",0.0188947368421053,0.416095238095238,0.721066666666667,0.995777777777778
"BAF-hat + CI half-width",0.0184407894736842,0.410134920634921,0.725164102564103,0.995861111111111
"BAF-hat + CI half-width",0.0179714912280702,0.404190476190476,0.729253846153846,0.995972222222222
"BAF-hat + CI half-width",0.0174627192982456,0.398279761904762,0.733348717948718,0.996066666666667
"BAF-hat + CI half-width",0.0170241228070175,0.392305555555556,0.737441025641026,0.996172222222222
"BAF-hat + CI half-width",0.0165899122807018,0.386329365079365,0.741530769230769,0.996283333333333
"BAF-hat + CI half-width",0.0161666666666667,0.38034126984127,0.745621794871795,0.996394444444444
"BAF-hat + CI half-width",0.0156951754385965,0.374396825396825,0.749714102564103,0.9965
"BAF-hat + CI half-width",0.0152741228070175,0.368406746031746,0.753805128205128,0.996611111111111
"BAF-hat + CI half-width",0.0148333333333333,0.362436507936508,0.757894871794872,0.996722222222222
"BAF-hat + CI half-width",0.0144144736842105,0.356444444444444,0.761991025641026,0.996811111111111
"BAF-hat + CI half-width",0.0139649122807018,0.350480158730159,0.766083333333333,0.996916666666667
"BAF-hat + CI half-width",0.0135197368421053,0.344513888888889,0.770175641025641,0.997016666666667
"BAF-hat + CI half-width",0.0131271929824561,0.338498015873016,0.774276923076923,0.997083333333333
"BAF-hat + CI half-width",0.0126929824561404,0.332519841269841,0.778364102564103,0.997211111111111
"BAF-hat + CI half-width",0.0122434210526316,0.32655753968254,0.782464102564103,0.997277777777778
"BAF-hat + CI half-width",0.0118530701754386,0.320539682539683,0.78655641025641,0.997383333333333
"BAF-hat + CI half-width",0.0114671052631579,0.314517857142857,0.790661538461538,0.997433333333333
"BAF-hat + CI half-width",0.0111030701754386,0.30847619047619,0.794757692307692,0.997522222222222
"BAF-hat + CI half-width",0.0106622807017544,0.302505952380952,0.798853846153846,0.997605555555556
"BAF-hat + CI half-width",0.0102850877192982,0.29647619047619,0.80294358974359,0.997722222222222
"BAF-hat + CI half-width",0.00991666666666667,0.290438492063492,0.807030769230769,0.99785
"BAF-hat + CI half-width",0.00958333333333333,0.284371031746032,0.811129487179487,0.997922222222222
"BAF-hat + CI half-width",0.00922149122807018,0.278327380952381,0.815219230769231,0.998038888888889
"BAF-hat + CI half-width",0.0088530701754386,0.272289682539683,0.819315384615385,0.998127777777778
"BAF-hat + CI half-width",0.00848245614035088,0.266255952380952,0.823417948717949,0.998183333333333
"BAF-hat + CI half-width",0.00810087719298246,0.260230158730159,0.827514102564103,0.998272222222222
"BAF-hat + CI half-width",0.00771052631578947,0.254212301587302,0.83160641025641,0.998377777777778
"BAF-hat + CI half-width",0.007375,0.248144841269841,0.835707692307692,0.998444444444444
"BAF-hat + CI half-width",0.00701973684210526,0.242097222222222,0.839797435897436,0.998555555555556
"BAF-hat + CI half-width",0.00669956140350877,0.236015873015873,0.843903846153846,0.9986
"BAF-hat + CI half-width",0.0063421052631579,0.229968253968254,0.848002564102564,0.998677777777778
"BAF-hat + CI half-width",0.00598245614035088,0.223924603174603,0.852103846153846,0.998738888888889
"BAF-hat + CI half-width",0.00562719298245614,0.217875,0.856189743589744,0.998872222222222
"BAF-hat + CI half-width",0.00525877192982456,0.211837301587302,0.860288461538462,0.99895
"BAF-hat + CI half-width",0.00492763157894737,0.205767857142857,0.864382051282051,0.999044444444444
"BAF-hat + CI half-width",0.00460964912280702,0.199684523809524,0.868479487179487,0.999127777777778
"BAF-hat + CI half-width",0.00430043859649123,0.193593253968254,0.872582051282051,0.999188888888889
"BAF-hat + CI half-width",0.00400219298245614,0.187492063492063,0.876679487179487,0.999272222222222
"BAF-hat + CI half-width",0.00371271929824561,0.181384920634921,0.880775641025641,0.999355555555556
"BAF-hat + CI half-width",0.00342982456140351,0.175269841269841,0.884880769230769,0.999405555555556
"BAF-hat + CI half-width",0.00317763157894737,0.169126984126984,0.888984615384615,0.999461111111111
"BAF-hat + CI half-width",0.00291008771929825,0.163,0.893085897435897,0.999522222222222
"BAF-hat + CI half-width",0.00263377192982456,0.156878968253968,0.897191025641026,0.999572222222222
"BAF-hat + CI half-width",0.00239473684210526,0.150724206349206,0.901301282051282,0.9996
"BAF-hat + CI half-width",0.00216885964912281,0.144559523809524,0.90540641025641,0.999644444444444
"BAF-hat + CI half-width",0.00197368421052632,0.138365079365079,0.909519230769231,0.999661111111111
"BAF-hat + CI half-width",0.00174122807017544,0.132204365079365,0.913621794871795,0.999722222222222
"BAF-hat + CI half-width",0.00157236842105263,0.125986111111111,0.917732051282051,0.99975
"BAF-hat + CI half-width",0.00139473684210526,0.119777777777778,0.921835897435897,0.9998
"BAF-hat + CI half-width",0.00125219298245614,0.113535714285714,0.925947435897436,0.999822222222222
"BAF-hat + CI half-width",0.00113377192982456,0.107271825396825,0.930058974358974,0.999844444444444
"BAF-hat + CI half-width",0.00099780701754386,0.101025793650794,0.934166666666667,0.999877777777778
"BAF-hat + CI half-width",0.00087280701754386,0.0947678571428571,0.938275641025641,0.999911111111111
"BAF-hat + CI half-width",0.000769736842105263,0.0884900793650794,0.942388461538462,0.999927777777778
"BAF-hat + CI half-width",0.000633771929824561,0.0822440476190476,0.946501282051282,0.999938888888889
"BAF-hat + CI half-width",0.000504385964912281,0.0759900793650794,0.950610256410256,0.999972222222222
"BAF-hat + CI half-width",0.000410087719298246,0.0697043650793651,0.954725641025641,0.999977777777778
"BAF-hat + CI half-width",0.000317982456140351,0.0634166666666667,0.958841025641026,0.999983333333333
"BAF-hat + CI half-width",0.000236842105263158,0.0571210317460317,0.962955128205128,0.999988888888889
"BAF-hat + CI half-width",0.000177631578947368,0.0508035714285714,0.967071794871795,0.999988888888889
"BAF-hat + CI half-width",0.000140350877192982,0.0444662698412698,0.97118717948718,0.999994444444444
"BAF-hat + CI half-width",0.000107456140350877,0.0381269841269841,0.975302564102564,0.999994444444444
"BAF-hat + CI half-width",7.89473684210526e-05,0.031781746031746,0.979417948717949,1
"BAF-hat + CI half-width",4.60526315789474e-05,0.0254404761904762,0.983534615384615,1
"BAF-hat + CI half-width",3.07017543859649e-05,0.0190853174603175,0.98765,1
"BAF-hat + CI half-width",1.75438596491228e-05,0.0127261904761905,0.991766666666667,1
"BAF-hat + CI half-width",2.19298245614035e-06,0.00636904761904762,0.995883333333333,1
"BAF-hat + CI half-width",0,1.98412698412698e-06,1,1
